"2024-05-22",06:50,14.54 ,14.47 ,14.62 ,14.54 ,14.47 ,14.60 ,14.58 ,14.48 ,14.70 ,14.57 ,14.48 ,14.70 ,13.62 ,13.55 ,13.71 ,14.51 ,89.90 ,118.12 ,22.86 ,377.10 ,388.29 ,84.07 ,120.33 ,0.00 ,376.49 ,0.00 ,7931.10 ,0.00 ,-999.00 ,-999.00 ,100.61 ,0.20 ,0.20 ,5.88 ,8.54 ,220 ,4.51 ,6.62 ,220 ,0.41 ,16.96 ,16.95 ,16.98 ,17.03 ,17.01 ,17.05 ,16.33 ,16.31 ,16.34 ,-999.00 ,-999.00 ,-999.00 ,11.29 ,10.61 ,15.74 ,15.69 ,15.80 ,-999.00 ,-999.00 ,-999.00 ,-999.00 ,-999.00 ,-999.00 ,15.78 ,15.73 ,15.85 ,-4.25 ,-0.39 ,-3.71 ,-6.24 ,0.69 ,0.70 ,0.73 ,0.73 ,0.71 ,0.72 ,0.73 ,0.74 ,0.56 ,,100.00 ,0.00 ,0.00 ,0.00 ,101.30 ,103.10 ,103.10 
"2024-05-22",07:00,14.60 ,14.52 ,14.65 ,14.60 ,14.54 ,14.65 ,14.67 ,14.55 ,14.79 ,14.66 ,14.54 ,14.78 ,13.86 ,13.76 ,13.91 ,14.61 ,90.15 ,139.25 ,28.22 ,375.48 ,390.62 ,95.89 ,139.85 ,0.00 ,376.22 ,0.00 ,7805.40 ,0.00 ,-999.00 ,-999.00 ,100.62 ,0.20 ,0.20 ,4.69 ,7.36 ,218 ,3.63 ,5.83 ,218 ,0.41 ,16.95 ,16.93 ,16.98 ,17.01 ,16.99 ,17.02 ,16.33 ,16.31 ,16.35 ,-999.00 ,-999.00 ,-999.00 ,11.30 ,10.61 ,15.89 ,15.82 ,15.97 ,-999.00 ,-999.00 ,-999.00 ,-999.00 ,-999.00 ,-999.00 ,15.78 ,15.72 ,15.83 ,-4.15 ,-0.41 ,-3.66 ,-5.11 ,0.69 ,0.70 ,0.73 ,0.73 ,0.71 ,0.72 ,0.73 ,0.74 ,0.56 ,,100.00 ,0.00 ,0.00 ,0.00 ,101.30 ,103.10 ,103.10 
"2024-05-22",07:10,14.66 ,14.59 ,14.74 ,14.67 ,14.63 ,14.72 ,14.73 ,14.61 ,14.83 ,14.72 ,14.61 ,14.83 ,14.01 ,13.92 ,14.08 ,14.69 ,88.76 ,147.77 ,30.26 ,375.12 ,391.94 ,100.69 ,148.67 ,0.00 ,377.12 ,0.00 ,7552.80 ,0.00 ,-999.00 ,-999.00 ,100.62 ,0.20 ,0.20 ,4.04 ,5.76 ,218 ,3.05 ,4.92 ,217 ,0.41 ,16.93 ,16.92 ,16.95 ,16.99 ,16.98 ,17.03 ,16.31 ,16.30 ,16.33 ,-999.00 ,-999.00 ,-999.00 ,11.30 ,10.61 ,16.08 ,16.01 ,16.15 ,-999.00 ,-999.00 ,-999.00 ,-999.00 ,-999.00 ,-999.00 ,15.77 ,15.72 ,15.82 ,-4.04 ,-0.42 ,-3.60 ,-3.25 ,0.69 ,0.70 ,0.73 ,0.73 ,0.71 ,0.72 ,0.73 ,0.74 ,0.56 ,,100.00 ,0.00 ,0.00 ,0.00 ,101.30 ,103.10 ,103.10 
"2024-05-22",07:20,14.85 ,14.77 ,14.94 ,14.84 ,14.78 ,14.93 ,14.88 ,14.79 ,14.99 ,14.87 ,14.80 ,14.98 ,14.30 ,14.11 ,14.45 ,14.83 ,88.00 ,183.93 ,38.73 ,372.09 ,393.73 ,123.56 ,184.69 ,0.00 ,374.92 ,0.00 ,7378.40 ,0.00 ,-999.00 ,-999.00 ,100.63 ,0.20 ,0.20 ,3.82 ,6.27 ,214 ,2.91 ,5.28 ,212 ,0.41 ,16.91 ,16.89 ,16.94 ,16.97 ,16.94 ,17.00 ,16.29 ,16.28 ,16.31 ,-999.00 ,-999.00 ,-999.00 ,11.32 ,10.62 ,16.30 ,16.19 ,16.41 ,-999.00 ,-999.00 ,-999.00 ,-999.00 ,-999.00 ,-999.00 ,15.80 ,15.73 ,15.90 ,-3.91 ,-0.44 ,-3.53 ,-1.05 ,0.69 ,0.70 ,0.73 ,0.73 ,0.71 ,0.72 ,0.73 ,0.74 ,0.56 ,,100.00 ,0.00 ,0.00 ,0.00 ,101.30 ,103.10 ,103.10 
"2024-05-22",07:30,15.13 ,14.93 ,15.35 ,15.13 ,14.92 ,15.32 ,15.16 ,14.97 ,15.37 ,15.16 ,14.97 ,15.38 ,14.81 ,14.51 ,15.16 ,15.13 ,84.98 ,341.40 ,78.68 ,342.65 ,396.78 ,208.59 ,282.93 ,91.26 ,352.09 ,4.33 ,7410.10 ,0.00 ,-999.00 ,-999.00 ,100.65 ,0.20 ,0.20 ,4.59 ,6.89 ,209 ,3.53 ,6.45 ,206 ,0.41 ,16.90 ,16.88 ,16.92 ,16.95 ,16.93 ,16.96 ,16.30 ,16.27 ,16.33 ,-999.00 ,-999.00 ,-999.00 ,11.31 ,10.62 ,16.64 ,16.45 ,16.86 ,-999.00 ,-999.00 ,-999.00 ,-999.00 ,-999.00 ,-999.00 ,15.80 ,15.74 ,15.83 ,-3.77 ,-0.46 ,-3.44 ,1.64 ,0.69 ,0.70 ,0.73 ,0.73 ,0.71 ,0.72 ,0.73 ,0.74 ,0.56 ,,100.00 ,0.00 ,0.00 ,0.00 ,101.30 ,103.10 ,103.10 
"2024-05-22",07:40,15.34 ,15.22 ,15.44 ,15.34 ,15.19 ,15.44 ,15.40 ,15.27 ,15.53 ,15.39 ,15.25 ,15.52 ,14.97 ,14.58 ,15.22 ,15.36 ,83.68 ,264.52 ,58.61 ,365.10 ,395.85 ,175.16 ,246.79 ,21.52 ,377.46 ,0.83 ,7792.00 ,0.00 ,-999.00 ,-999.00 ,100.66 ,0.20 ,0.20 ,5.85 ,9.63 ,208 ,4.37 ,6.90 ,209 ,0.41 ,16.91 ,16.88 ,16.93 ,16.96 ,16.94 ,16.99 ,16.30 ,16.27 ,16.33 ,-999.00 ,-999.00 ,-999.00 ,11.31 ,10.61 ,17.14 ,16.95 ,17.29 ,-999.00 ,-999.00 ,-999.00 ,-999.00 ,-999.00 ,-999.00 ,15.79 ,15.75 ,15.84 ,-3.60 ,-0.47 ,-3.34 ,5.91 ,0.69 ,0.70 ,0.73 ,0.73 ,0.71 ,0.72 ,0.73 ,0.74 ,0.56 ,,100.00 ,0.00 ,0.00 ,0.00 ,101.30 ,103.10 ,103.10 
"2024-05-22",07:50,15.21 ,15.17 ,15.24 ,15.22 ,15.18 ,15.26 ,15.29 ,15.21 ,15.37 ,15.27 ,15.18 ,15.37 ,14.57 ,14.48 ,14.64 ,15.21 ,84.57 ,184.91 ,39.35 ,378.37 ,394.36 ,129.57 ,184.98 ,0.00 ,383.31 ,0.00 ,7446.70 ,0.00 ,-999.00 ,-999.00 ,100.67 ,0.20 ,0.20 ,4.99 ,8.56 ,208 ,3.79 ,6.06 ,208 ,0.41 ,16.89 ,16.86 ,16.90 ,16.93 ,16.90 ,16.95 ,16.29 ,16.28 ,16.31 ,-999.00 ,-999.00 ,-999.00 ,11.31 ,10.63 ,17.35 ,17.30 ,17.39 ,-999.00 ,-999.00 ,-999.00 ,-999.00 ,-999.00 ,-999.00 ,15.79 ,15.71 ,15.87 ,-3.40 ,-0.49 ,-3.21 ,10.53 ,0.69 ,0.70 ,0.73 ,0.73 ,0.71 ,0.72 ,0.73 ,0.74 ,0.56 ,,100.00 ,0.00 ,0.00 ,0.00 ,101.30 ,103.10 ,103.10 
"2024-05-22",08:00,15.43 ,15.24 ,15.65 ,15.40 ,15.17 ,15.59 ,15.47 ,15.25 ,15.60 ,15.46 ,15.23 ,15.60 ,14.97 ,14.59 ,15.25 ,15.42 ,84.03 ,338.20 ,74.43 ,358.18 ,398.24 ,223.70 ,323.89 ,16.06 ,373.23 ,0.00 ,7768.50 ,0.00 ,-999.00 ,-999.00 ,100.67 ,0.20 ,0.20 ,5.58 ,9.06 ,207 ,4.38 ,6.79 ,208 ,0.41 ,16.88 ,16.86 ,16.89 ,16.90 ,16.87 ,16.93 ,16.27 ,16.26 ,16.29 ,-999.00 ,-999.00 ,-999.00 ,11.30 ,10.61 ,17.54 ,17.39 ,17.71 ,-999.00 ,-999.00 ,-999.00 ,-999.00 ,-999.00 ,-999.00 ,15.81 ,15.77 ,15.86 ,-3.15 ,-0.50 ,-3.05 ,12.32 ,0.69 ,0.70 ,0.73 ,0.73 ,0.71 ,0.72 ,0.73 ,0.74 ,0.56 ,,100.00 ,0.00 ,0.00 ,0.00 ,101.30 ,103.10 ,103.10 
"2024-05-22",08:10,15.59 ,15.48 ,15.68 ,15.58 ,15.50 ,15.68 ,15.65 ,15.60 ,15.73 ,15.65 ,15.59 ,15.73 ,15.21 ,15.01 ,15.45 ,15.60 ,82.50 ,292.81 ,64.07 ,369.58 ,398.06 ,200.26 ,280.04 ,11.59 ,380.46 ,0.00 ,7503.20 ,0.00 ,-999.00 ,-999.00 ,100.68 ,0.20 ,0.20 ,6.16 ,9.14 ,214 ,4.70 ,7.49 ,212 ,0.41 ,16.88 ,16.85 ,16.89 ,16.91 ,16.88 ,16.92 ,16.30 ,16.27 ,16.31 ,-999.00 ,-999.00 ,-999.00 ,11.30 ,10.61 ,17.93 ,17.76 ,18.07 ,-999.00 ,-999.00 ,-999.00 ,-999.00 ,-999.00 ,-999.00 ,15.80 ,15.75 ,15.85 ,-2.84 ,-0.51 ,-2.84 ,14.59 ,0.69 ,0.70 ,0.73 ,0.73 ,0.71 ,0.72 ,0.73 ,0.74 ,0.56 ,,100.00 ,0.00 ,0.00 ,0.00 ,101.30 ,103.10 ,103.10 
"2024-05-22",08:20,15.58 ,15.41 ,15.69 ,15.58 ,15.43 ,15.68 ,15.65 ,15.55 ,15.79 ,15.63 ,15.51 ,15.78 ,14.88 ,14.61 ,15.07 ,15.59 ,82.01 ,213.38 ,46.21 ,380.24 ,395.89 ,151.52 ,210.35 ,0.11 ,386.33 ,0.00 ,7446.90 ,0.00 ,-999.00 ,-999.00 ,100.69 ,0.20 ,0.20 ,6.71 ,9.78 ,207 ,5.06 ,8.69 ,206 ,0.41 ,16.89 ,16.87 ,16.92 ,16.90 ,16.88 ,16.94 ,16.29 ,16.27 ,16.31 ,-999.00 ,-999.00 ,-999.00 ,11.31 ,10.61 ,18.15 ,18.11 ,18.19 ,-999.00 ,-999.00 ,-999.00 ,-999.00 ,-999.00 ,-999.00 ,15.78 ,15.71 ,15.81 ,-2.48 ,-0.52 ,-2.57 ,17.65 ,0.69 ,0.70 ,0.73 ,0.73 ,0.71 ,0.72 ,0.73 ,0.74 ,0.56 ,,100.00 ,0.00 ,0.00 ,0.00 ,101.30 ,103.10 ,103.10 
"2024-05-22",08:30,15.33 ,15.27 ,15.42 ,15.34 ,15.27 ,15.44 ,15.42 ,15.33 ,15.49 ,15.40 ,15.32 ,15.48 ,14.43 ,14.35 ,14.55 ,15.35 ,82.83 ,136.68 ,28.20 ,379.95 ,392.30 ,96.13 ,135.17 ,0.00 ,385.01 ,0.00 ,7463.40 ,0.00 ,-999.00 ,-999.00 ,100.70 ,0.20 ,0.20 ,6.60 ,9.42 ,210 ,4.85 ,7.55 ,210 ,0.41 ,16.88 ,16.87 ,16.89 ,16.90 ,16.88 ,16.91 ,16.27 ,16.26 ,16.30 ,-999.00 ,-999.00 ,-999.00 ,11.31 ,10.63 ,18.11 ,18.05 ,18.18 ,-999.00 ,-999.00 ,-999.00 ,-999.00 ,-999.00 ,-999.00 ,15.80 ,15.76 ,15.84 ,-2.06 ,-0.52 ,-2.26 ,18.64 ,0.69 ,0.70 ,0.73 ,0.73 ,0.71 ,0.72 ,0.73 ,0.74 ,0.56 ,,100.00 ,0.00 ,0.00 ,0.00 ,101.30 ,103.10 ,103.10 
"2024-05-22",08:40,15.24 ,15.18 ,15.29 ,15.26 ,15.18 ,15.33 ,15.32 ,15.26 ,15.40 ,15.30 ,15.23 ,15.39 ,14.27 ,14.21 ,14.36 ,15.24 ,82.78 ,130.53 ,26.79 ,379.93 ,391.80 ,91.87 ,129.29 ,0.00 ,386.08 ,0.00 ,7546.00 ,0.00 ,-999.00 ,-999.00 ,100.71 ,0.20 ,0.20 ,6.38 ,9.42 ,211 ,4.80 ,7.68 ,211 ,0.41 ,16.89 ,16.86 ,16.90 ,16.87 ,16.85 ,16.89 ,16.27 ,16.26 ,16.30 ,-999.00 ,-999.00 ,-999.00 ,11.30 ,10.62 ,17.96 ,17.89 ,18.02 ,-999.00 ,-999.00 ,-999.00 ,-999.00 ,-999.00 ,-999.00 ,15.80 ,15.74 ,15.85 ,-1.60 ,-0.52 ,-1.91 ,16.79 ,0.69 ,0.70 ,0.73 ,0.73 ,0.71 ,0.72 ,0.73 ,0.74 ,0.56 ,,100.00 ,0.00 ,0.00 ,0.00 ,101.30 ,103.00 ,103.00 
"2024-05-22",08:50,15.23 ,15.19 ,15.29 ,15.23 ,15.17 ,15.27 ,15.31 ,15.25 ,15.36 ,15.29 ,15.25 ,15.34 ,14.44 ,14.37 ,14.55 ,15.26 ,82.80 ,158.78 ,32.99 ,379.82 ,392.62 ,112.99 ,156.68 ,0.00 ,385.69 ,0.00 ,7544.00 ,0.00 ,-999.00 ,-999.00 ,100.72 ,0.20 ,0.20 ,6.17 ,9.03 ,208 ,4.51 ,7.40 ,207 ,0.41 ,16.90 ,16.89 ,16.92 ,16.87 ,16.85 ,16.89 ,16.28 ,16.27 ,16.30 ,-999.00 ,-999.00 ,-999.00 ,11.31 ,10.61 ,17.86 ,17.83 ,17.89 ,-999.00 ,-999.00 ,-999.00 ,-999.00 ,-999.00 ,-999.00 ,15.79 ,15.73 ,15.87 ,-1.11 ,-0.52 ,-1.53 ,13.91 ,0.69 ,0.70 ,0.73 ,0.73 ,0.71 ,0.72 ,0.73 ,0.74 ,0.56 ,,100.00 ,0.00 ,0.00 ,0.00 ,101.30 ,103.00 ,103.00 
"2024-05-22",09:00,15.28 ,15.21 ,15.32 ,15.27 ,15.23 ,15.33 ,15.35 ,15.31 ,15.40 ,15.34 ,15.29 ,15.39 ,14.57 ,14.50 ,14.64 ,15.30 ,82.29 ,183.28 ,38.22 ,379.31 ,393.58 ,130.80 ,180.01 ,0.00 ,386.49 ,0.00 ,7769.40 ,0.00 ,-999.00 ,-999.00 ,100.73 ,0.20 ,0.20 ,6.16 ,9.19 ,207 ,4.60 ,7.85 ,207 ,0.41 ,16.91 ,16.89 ,16.93 ,16.85 ,16.82 ,16.89 ,16.27 ,16.26 ,16.30 ,-999.00 ,-999.00 ,-999.00 ,11.31 ,10.61 ,17.82 ,17.79 ,17.83 ,-999.00 ,-999.00 ,-999.00 ,-999.00 ,-999.00 ,-999.00 ,15.81 ,15.75 ,15.85 ,-0.60 ,-0.51 ,-1.14 ,11.89 ,0.69 ,0.70 ,0.73 ,0.73 ,0.71 ,0.72 ,0.73 ,0.74 ,0.56 ,,100.00 ,0.00 ,0.00 ,0.00 ,101.30 ,103.00 ,103.00 
"2024-05-22",09:10,15.30 ,15.23 ,15.43 ,15.28 ,15.19 ,15.42 ,15.36 ,15.28 ,15.49 ,15.34 ,15.27 ,15.48 ,14.62 ,14.53 ,14.75 ,15.31 ,81.79 ,219.29 ,46.83 ,379.24 ,394.74 ,156.96 ,189.80 ,0.00 ,387.18 ,0.00 ,7877.80 ,0.00 ,-999.00 ,-999.00 ,100.74 ,0.20 ,0.20 ,6.34 ,9.20 ,206 ,4.74 ,7.01 ,207 ,0.41 ,16.92 ,16.89 ,16.94 ,16.84 ,16.82 ,16.86 ,16.27 ,16.24 ,16.30 ,-999.00 ,-999.00 ,-999.00 ,11.31 ,10.61 ,17.87 ,17.82 ,17.91 ,-999.00 ,-999.00 ,-999.00 ,-999.00 ,-999.00 ,-999.00 ,15.81 ,15.77 ,15.85 ,-0.13 ,-0.49 ,-0.76 ,11.10 ,0.69 ,0.70 ,0.73 ,0.73 ,0.71 ,0.72 ,0.73 ,0.74 ,0.56 ,,100.00 ,0.00 ,0.00 ,0.00 ,101.30 ,103.00 ,103.00 
"2024-05-22",09:20,15.30 ,15.15 ,15.40 ,15.30 ,15.15 ,15.45 ,15.36 ,15.24 ,15.48 ,15.34 ,15.22 ,15.46 ,14.66 ,14.46 ,14.83 ,15.32 ,81.58 ,199.76 ,42.49 ,379.42 ,394.00 ,142.69 ,184.36 ,0.00 ,387.34 ,0.00 ,7647.20 ,0.00 ,-999.00 ,-999.00 ,100.75 ,0.20 ,0.20 ,7.00 ,10.41 ,208 ,5.24 ,8.50 ,206 ,0.41 ,16.94 ,16.92 ,16.97 ,16.83 ,16.81 ,16.85 ,16.27 ,16.25 ,16.28 ,-999.00 ,-999.00 ,-999.00 ,11.32 ,10.61 ,18.00 ,17.92 ,18.04 ,-999.00 ,-999.00 ,-999.00 ,-999.00 ,-999.00 ,-999.00 ,15.82 ,15.78 ,15.88 ,0.28 ,-0.47 ,-0.42 ,11.37 ,0.69 ,0.70 ,0.73 ,0.73 ,0.71 ,0.72 ,0.73 ,0.74 ,0.56 ,,100.00 ,0.00 ,0.00 ,0.00 ,101.30 ,103.00 ,103.00 
"2024-05-22",09:30,15.11 ,15.07 ,15.15 ,15.12 ,15.08 ,15.17 ,15.18 ,15.14 ,15.22 ,15.16 ,15.12 ,15.19 ,14.40 ,14.34 ,14.55 ,15.12 ,82.59 ,156.90 ,32.50 ,379.06 ,392.31 ,111.15 ,153.94 ,0.00 ,385.48 ,0.00 ,7569.30 ,0.00 ,-999.00 ,-999.00 ,100.76 ,0.20 ,0.20 ,6.28 ,10.11 ,208 ,4.53 ,7.41 ,206 ,0.41 ,16.94 ,16.92 ,16.96 ,16.82 ,16.80 ,16.85 ,16.25 ,16.23 ,16.27 ,-999.00 ,-999.00 ,-999.00 ,11.31 ,10.61 ,17.99 ,17.94 ,18.03 ,-999.00 ,-999.00 ,-999.00 ,-999.00 ,-999.00 ,-999.00 ,15.82 ,15.77 ,15.86 ,0.65 ,-0.44 ,-0.12 ,11.93 ,0.69 ,0.70 ,0.73 ,0.73 ,0.71 ,0.72 ,0.73 ,0.74 ,0.56 ,,100.00 ,0.00 ,0.00 ,0.00 ,101.30 ,103.00 ,103.00 
"2024-05-22",09:40,15.27 ,15.12 ,15.34 ,15.29 ,15.18 ,15.37 ,15.34 ,15.23 ,15.48 ,15.33 ,15.22 ,15.47 ,14.78 ,14.62 ,14.89 ,15.29 ,83.16 ,214.94 ,46.26 ,379.72 ,395.31 ,153.09 ,209.74 ,0.00 ,387.84 ,0.00 ,7491.20 ,0.00 ,-999.00 ,-999.00 ,100.77 ,0.20 ,0.20 ,5.67 ,8.57 ,210 ,4.41 ,7.42 ,211 ,0.41 ,16.95 ,16.91 ,16.97 ,16.82 ,16.80 ,16.84 ,16.25 ,16.24 ,16.28 ,-999.00 ,-999.00 ,-999.00 ,11.32 ,10.61 ,17.99 ,17.93 ,18.06 ,-999.00 ,-999.00 ,-999.00 ,-999.00 ,-999.00 ,-999.00 ,15.80 ,15.75 ,15.85 ,0.96 ,-0.41 ,0.14 ,11.13 ,0.69 ,0.70 ,0.73 ,0.73 ,0.71 ,0.72 ,0.73 ,0.74 ,0.56 ,,100.00 ,0.00 ,0.00 ,0.00 ,101.30 ,103.00 ,103.00 
"2024-05-22",09:50,15.28 ,15.23 ,15.33 ,15.27 ,15.22 ,15.32 ,15.32 ,15.28 ,15.37 ,15.31 ,15.26 ,15.36 ,14.64 ,14.57 ,14.74 ,15.30 ,82.10 ,184.48 ,37.91 ,381.27 ,394.13 ,133.71 ,180.33 ,0.00 ,387.95 ,0.00 ,7764.90 ,0.00 ,-999.00 ,-999.00 ,100.79 ,0.20 ,0.20 ,6.00 ,8.56 ,212 ,4.56 ,7.90 ,212 ,0.41 ,16.97 ,16.95 ,17.00 ,16.81 ,16.79 ,16.85 ,16.25 ,16.24 ,16.27 ,-999.00 ,-999.00 ,-999.00 ,11.32 ,10.62 ,18.08 ,18.05 ,18.10 ,-999.00 ,-999.00 ,-999.00 ,-999.00 ,-999.00 ,-999.00 ,15.78 ,15.71 ,15.82 ,1.24 ,-0.39 ,0.38 ,11.11 ,0.69 ,0.70 ,0.73 ,0.73 ,0.71 ,0.72 ,0.73 ,0.74 ,0.56 ,,100.00 ,0.00 ,0.00 ,0.00 ,101.30 ,103.00 ,103.00 
"2024-05-22",10:00,15.07 ,14.84 ,15.35 ,15.04 ,14.81 ,15.30 ,15.15 ,14.94 ,15.41 ,15.12 ,14.89 ,15.39 ,14.43 ,14.12 ,14.79 ,15.09 ,84.14 ,111.64 ,21.58 ,381.03 ,391.42 ,79.67 ,107.95 ,0.00 ,384.50 ,0.00 ,7647.40 ,0.00 ,-999.00 ,-999.00 ,100.80 ,0.20 ,0.20 ,6.41 ,10.26 ,210 ,4.57 ,7.88 ,208 ,0.41 ,16.98 ,16.96 ,17.02 ,16.79 ,16.77 ,16.82 ,16.25 ,16.23 ,16.27 ,-999.00 ,-999.00 ,-999.00 ,11.32 ,10.61 ,18.06 ,18.01 ,18.11 ,-999.00 ,-999.00 ,-999.00 ,-999.00 ,-999.00 ,-999.00 ,15.82 ,15.76 ,15.90 ,1.50 ,-0.36 ,0.60 ,11.26 ,0.69 ,0.70 ,0.73 ,0.73 ,0.71 ,0.72 ,0.73 ,0.74 ,0.56 ,,100.00 ,0.00 ,0.00 ,0.00 ,101.30 ,103.00 ,103.00 
"2024-05-22",10:10,15.03 ,14.87 ,15.23 ,15.02 ,14.85 ,15.20 ,15.08 ,14.91 ,15.25 ,15.06 ,14.89 ,15.25 ,14.39 ,14.15 ,14.76 ,15.03 ,85.31 ,191.95 ,41.16 ,379.82 ,393.41 ,137.20 ,190.13 ,0.00 ,385.86 ,0.00 ,7858.60 ,0.00 ,-999.00 ,-999.00 ,100.81 ,0.20 ,0.20 ,5.62 ,9.97 ,214 ,4.27 ,7.34 ,215 ,0.41 ,16.98 ,16.96 ,17.00 ,16.77 ,16.75 ,16.79 ,16.22 ,16.20 ,16.25 ,-999.00 ,-999.00 ,-999.00 ,11.32 ,10.61 ,17.95 ,17.92 ,17.99 ,-999.00 ,-999.00 ,-999.00 ,-999.00 ,-999.00 ,-999.00 ,15.81 ,15.73 ,15.87 ,1.73 ,-0.34 ,0.80 ,10.18 ,0.69 ,0.70 ,0.72 ,0.73 ,0.71 ,0.72 ,0.73 ,0.74 ,0.56 ,,100.00 ,0.00 ,0.00 ,0.00 ,101.30 ,103.00 ,102.90 
"2024-05-22",10:20,15.32 ,15.22 ,15.35 ,15.30 ,15.24 ,15.37 ,15.32 ,15.25 ,15.36 ,15.31 ,15.23 ,15.35 ,14.92 ,14.79 ,14.97 ,15.29 ,83.66 ,230.71 ,49.90 ,379.37 ,396.01 ,164.17 ,225.84 ,0.00 ,387.15 ,0.00 ,7458.80 ,0.00 ,-999.00 ,-999.00 ,100.82 ,0.20 ,0.20 ,5.83 ,8.40 ,207 ,4.22 ,7.02 ,207 ,0.41 ,17.00 ,16.99 ,17.02 ,16.76 ,16.75 ,16.78 ,16.22 ,16.21 ,16.24 ,-999.00 ,-999.00 ,-999.00 ,11.32 ,10.61 ,18.06 ,17.97 ,18.14 ,-999.00 ,-999.00 ,-999.00 ,-999.00 ,-999.00 ,-999.00 ,15.83 ,15.79 ,15.89 ,1.95 ,-0.31 ,0.99 ,9.22 ,0.69 ,0.70 ,0.72 ,0.73 ,0.71 ,0.72 ,0.73 ,0.74 ,0.56 ,,100.00 ,0.00 ,0.00 ,0.00 ,101.30 ,102.90 ,102.90 
"2024-05-22",10:30,15.45 ,15.24 ,15.61 ,15.46 ,15.31 ,15.63 ,15.50 ,15.32 ,15.67 ,15.50 ,15.30 ,15.65 ,15.17 ,14.93 ,15.54 ,15.47 ,83.21 ,286.33 ,63.81 ,380.08 ,398.97 ,203.64 ,279.77 ,0.01 ,389.62 ,0.00 ,7754.30 ,0.00 ,-999.00 ,-999.00 ,100.83 ,0.20 ,0.20 ,5.26 ,7.83 ,204 ,3.93 ,6.17 ,207 ,0.41 ,17.03 ,17.01 ,17.04 ,16.77 ,16.75 ,16.78 ,16.24 ,16.22 ,16.25 ,-999.00 ,-999.00 ,-999.00 ,11.31 ,10.62 ,18.28 ,18.17 ,18.42 ,-999.00 ,-999.00 ,-999.00 ,-999.00 ,-999.00 ,-999.00 ,15.83 ,15.76 ,15.91 ,2.16 ,-0.29 ,1.16 ,10.46 ,0.69 ,0.70 ,0.72 ,0.73 ,0.71 ,0.72 ,0.73 ,0.74 ,0.56 ,,100.00 ,0.00 ,0.00 ,0.00 ,101.30 ,102.90 ,102.90 
"2024-05-22",10:40,15.61 ,15.53 ,15.71 ,15.60 ,15.51 ,15.69 ,15.67 ,15.56 ,15.75 ,15.65 ,15.53 ,15.74 ,15.35 ,15.09 ,15.60 ,15.64 ,81.88 ,239.70 ,52.36 ,381.12 ,398.59 ,169.87 ,231.99 ,0.02 ,389.78 ,0.00 ,7541.50 ,0.00 ,-999.00 ,-999.00 ,100.84 ,0.20 ,0.20 ,5.98 ,8.81 ,201 ,4.27 ,7.20 ,200 ,0.41 ,17.06 ,17.04 ,17.07 ,16.76 ,16.74 ,16.78 ,16.23 ,16.20 ,16.25 ,-999.00 ,-999.00 ,-999.00 ,11.32 ,10.61 ,18.59 ,18.46 ,18.68 ,-999.00 ,-999.00 ,-999.00 ,-999.00 ,-999.00 ,-999.00 ,15.81 ,15.75 ,15.84 ,2.34 ,-0.26 ,1.32 ,12.92 ,0.69 ,0.70 ,0.72 ,0.73 ,0.71 ,0.72 ,0.73 ,0.74 ,0.56 ,,100.00 ,0.00 ,0.00 ,0.00 ,101.30 ,102.90 ,102.90 
"2024-05-22",10:50,15.54 ,15.43 ,15.62 ,15.54 ,15.45 ,15.62 ,15.62 ,15.46 ,15.72 ,15.60 ,15.45 ,15.71 ,15.02 ,14.91 ,15.19 ,15.56 ,81.53 ,192.68 ,42.35 ,380.29 ,396.12 ,134.51 ,189.29 ,0.00 ,387.99 ,0.00 ,7765.00 ,0.00 ,-999.00 ,-999.00 ,100.85 ,0.20 ,0.20 ,5.90 ,8.91 ,201 ,4.17 ,7.66 ,198 ,0.41 ,17.06 ,17.04 ,17.08 ,16.76 ,16.74 ,16.79 ,16.22 ,16.20 ,16.24 ,-999.00 ,-999.00 ,-999.00 ,11.32 ,10.62 ,18.63 ,18.61 ,18.67 ,-999.00 ,-999.00 ,-999.00 ,-999.00 ,-999.00 ,-999.00 ,15.80 ,15.77 ,15.87 ,2.51 ,-0.24 ,1.46 ,15.29 ,0.69 ,0.70 ,0.72 ,0.73 ,0.71 ,0.72 ,0.73 ,0.74 ,0.56 ,,100.00 ,0.00 ,0.00 ,0.00 ,101.30 ,102.90 ,102.90 
"2024-05-22",11:00,15.84 ,15.54 ,16.36 ,15.85 ,15.60 ,16.40 ,15.89 ,15.62 ,16.44 ,15.88 ,15.62 ,16.45 ,15.67 ,15.18 ,16.72 ,15.82 ,81.43 ,399.75 ,88.96 ,376.38 ,403.13 ,284.05 ,373.45 ,21.74 ,389.62 ,0.00 ,7589.30 ,0.00 ,-999.00 ,-999.00 ,100.85 ,0.20 ,0.20 ,5.22 ,8.71 ,202 ,3.91 ,6.66 ,202 ,0.41 ,17.05 ,17.03 ,17.06 ,16.75 ,16.72 ,16.78 ,16.20 ,16.19 ,16.21 ,-999.00 ,-999.00 ,-999.00 ,11.35 ,10.64 ,18.68 ,18.59 ,18.82 ,-999.00 ,-999.00 ,-999.00 ,-999.00 ,-999.00 ,-999.00 ,15.78 ,15.74 ,15.83 ,2.67 ,-0.22 ,1.61 ,15.23 ,0.69 ,0.70 ,0.72 ,0.73 ,0.71 ,0.72 ,0.73 ,0.74 ,0.56 ,,100.00 ,0.00 ,0.00 ,0.00 ,101.30 ,102.90 ,102.90 
"2024-05-22",11:10,16.73 ,16.49 ,16.95 ,16.75 ,16.55 ,16.93 ,16.76 ,16.45 ,17.04 ,16.77 ,16.49 ,17.05 ,17.51 ,17.04 ,17.73 ,16.73 ,76.13 ,705.08 ,157.59 ,363.02 ,415.35 ,495.16 ,537.49 ,153.70 ,385.80 ,3.83 ,7382.40 ,0.00 ,-999.00 ,-999.00 ,100.86 ,0.20 ,0.20 ,6.16 ,9.65 ,213 ,4.76 ,7.90 ,213 ,0.41 ,17.09 ,17.07 ,17.12 ,16.74 ,16.71 ,16.78 ,16.20 ,16.19 ,16.24 ,-999.00 ,-999.00 ,-999.00 ,11.34 ,10.64 ,19.46 ,18.89 ,20.02 ,-999.00 ,-999.00 ,-999.00 ,-999.00 ,-999.00 ,-999.00 ,15.81 ,15.75 ,15.86 ,2.86 ,-0.20 ,1.77 ,17.64 ,0.69 ,0.70 ,0.72 ,0.73 ,0.71 ,0.72 ,0.73 ,0.74 ,0.56 ,,100.00 ,0.00 ,0.00 ,0.00 ,101.30 ,102.90 ,102.90 
"2024-05-22",11:20,16.52 ,16.41 ,16.73 ,16.54 ,16.42 ,16.72 ,16.59 ,16.46 ,16.79 ,16.58 ,16.46 ,16.75 ,16.25 ,15.81 ,17.19 ,16.54 ,75.04 ,232.65 ,51.67 ,384.08 ,402.33 ,162.73 ,222.64 ,0.21 ,393.94 ,0.00 ,7630.60 ,0.00 ,-999.00 ,-999.00 ,100.86 ,0.20 ,0.20 ,5.82 ,9.89 ,220 ,4.42 ,7.73 ,221 ,0.41 ,17.09 ,17.07 ,17.11 ,16.72 ,16.68 ,16.74 ,16.19 ,16.16 ,16.20 ,-999.00 ,-999.00 ,-999.00 ,11.35 ,10.62 ,20.20 ,20.11 ,20.24 ,-999.00 ,-999.00 ,-999.00 ,-999.00 ,-999.00 ,-999.00 ,15.81 ,15.76 ,15.86 ,3.07 ,-0.18 ,1.94 ,27.95 ,0.69 ,0.70 ,0.72 ,0.73 ,0.71 ,0.72 ,0.73 ,0.74 ,0.56 ,,100.00 ,0.00 ,0.00 ,0.00 ,101.30 ,102.90 ,102.90 
"2024-05-22",11:30,16.23 ,16.11 ,16.40 ,16.25 ,16.17 ,16.43 ,16.31 ,16.25 ,16.40 ,16.30 ,16.23 ,16.39 ,15.40 ,15.26 ,15.72 ,16.25 ,74.02 ,160.58 ,33.31 ,382.24 ,396.86 ,112.66 ,155.55 ,0.00 ,390.16 ,0.00 ,7592.30 ,0.00 ,-999.00 ,-999.00 ,100.87 ,0.20 ,0.20 ,6.45 ,9.27 ,215 ,4.80 ,7.28 ,214 ,0.41 ,17.11 ,17.09 ,17.12 ,16.71 ,16.70 ,16.72 ,16.18 ,16.17 ,16.20 ,-999.00 ,-999.00 ,-999.00 ,11.35 ,10.62 ,19.95 ,19.77 ,20.12 ,-999.00 ,-999.00 ,-999.00 ,-999.00 ,-999.00 ,-999.00 ,15.80 ,15.73 ,15.84 ,3.29 ,-0.16 ,2.14 ,31.84 ,0.69 ,0.70 ,0.72 ,0.73 ,0.71 ,0.72 ,0.73 ,0.74 ,0.56 ,,100.00 ,0.00 ,0.00 ,0.00 ,101.30 ,102.90 ,102.90 
"2024-05-22",11:40,16.36 ,16.15 ,16.78 ,16.37 ,16.15 ,16.75 ,16.42 ,16.26 ,16.73 ,16.42 ,16.24 ,16.72 ,15.82 ,15.39 ,16.47 ,16.32 ,74.44 ,369.73 ,83.39 ,382.19 ,402.63 ,265.90 ,336.60 ,2.46 ,393.87 ,0.00 ,7823.80 ,0.00 ,-999.00 ,-999.00 ,100.88 ,0.20 ,0.20 ,6.66 ,9.71 ,213 ,4.90 ,8.05 ,212 ,0.41 ,17.13 ,17.11 ,17.16 ,16.71 ,16.68 ,16.72 ,16.19 ,16.17 ,16.20 ,-999.00 ,-999.00 ,-999.00 ,11.36 ,10.63 ,19.69 ,19.65 ,19.75 ,-999.00 ,-999.00 ,-999.00 ,-999.00 ,-999.00 ,-999.00 ,15.83 ,15.74 ,15.87 ,3.56 ,-0.14 ,2.37 ,27.50 ,0.69 ,0.70 ,0.72 ,0.73 ,0.71 ,0.72 ,0.73 ,0.74 ,0.56 ,,100.00 ,0.00 ,0.00 ,0.00 ,101.30 ,102.80 ,102.90 
"2024-05-22",11:50,16.93 ,16.84 ,17.02 ,16.94 ,16.85 ,17.02 ,16.95 ,16.88 ,17.02 ,16.95 ,16.89 ,17.02 ,17.16 ,16.73 ,17.39 ,16.88 ,72.18 ,525.24 ,119.05 ,379.67 ,410.77 ,375.08 ,488.89 ,15.68 ,394.44 ,0.00 ,7864.00 ,0.00 ,-999.00 ,-999.00 ,100.89 ,0.20 ,0.20 ,6.33 ,9.19 ,218 ,4.95 ,7.48 ,219 ,0.41 ,17.14 ,17.13 ,17.16 ,16.70 ,16.68 ,16.72 ,16.17 ,16.16 ,16.18 ,-999.00 ,-999.00 ,-999.00 ,11.33 ,10.61 ,20.07 ,19.78 ,20.33 ,-999.00 ,-999.00 ,-999.00 ,-999.00 ,-999.00 ,-999.00 ,15.84 ,15.79 ,15.87 ,3.93 ,-0.12 ,2.68 ,24.94 ,0.69 ,0.70 ,0.72 ,0.73 ,0.71 ,0.72 ,0.73 ,0.74 ,0.57 ,,100.00 ,0.00 ,0.00 ,0.00 ,101.30 ,102.80 ,102.80 
"2024-05-22",12:00,17.18 ,16.93 ,17.40 ,17.15 ,16.92 ,17.36 ,17.19 ,16.99 ,17.38 ,17.18 ,16.98 ,17.38 ,17.34 ,16.81 ,17.59 ,17.12 ,71.96 ,473.91 ,106.87 ,379.18 ,411.12 ,335.10 ,440.59 ,22.55 ,395.08 ,0.00 ,7410.80 ,0.00 ,-999.00 ,-999.00 ,100.89 ,0.20 ,0.20 ,5.33 ,7.48 ,216 ,4.15 ,6.38 ,215 ,0.41 ,17.18 ,17.16 ,17.20 ,16.71 ,16.68 ,16.72 ,16.20 ,16.18 ,16.22 ,-999.00 ,-999.00 ,-999.00 ,11.32 ,10.61 ,20.53 ,20.35 ,20.76 ,-999.00 ,-999.00 ,-999.00 ,-999.00 ,-999.00 ,-999.00 ,15.81 ,15.73 ,15.88 ,4.36 ,-0.09 ,3.06 ,29.36 ,0.69 ,0.70 ,0.72 ,0.73 ,0.71 ,0.72 ,0.73 ,0.74 ,0.57 ,,100.00 ,0.00 ,0.00 ,0.00 ,101.30 ,102.80 ,102.80 
"2024-05-22",12:10,17.26 ,17.12 ,17.36 ,17.26 ,17.10 ,17.36 ,17.30 ,17.17 ,17.46 ,17.28 ,17.15 ,17.42 ,17.60 ,17.30 ,17.85 ,17.23 ,72.03 ,466.67 ,104.87 ,381.24 ,411.50 ,331.54 ,445.34 ,7.78 ,397.84 ,0.00 ,7767.50 ,0.00 ,-999.00 ,-999.00 ,100.90 ,0.20 ,0.20 ,5.73 ,8.16 ,214 ,4.49 ,7.01 ,214 ,0.41 ,17.20 ,17.17 ,17.23 ,16.71 ,16.66 ,16.76 ,16.17 ,16.15 ,16.20 ,-999.00 ,-999.00 ,-999.00 ,11.34 ,10.64 ,20.94 ,20.79 ,21.12 ,-999.00 ,-999.00 ,-999.00 ,-999.00 ,-999.00 ,-999.00 ,15.79 ,15.75 ,15.85 ,4.81 ,-0.06 ,3.45 ,33.94 ,0.69 ,0.70 ,0.72 ,0.73 ,0.71 ,0.72 ,0.73 ,0.74 ,0.57 ,,100.00 ,0.00 ,0.00 ,0.00 ,101.30 ,102.80 ,102.80 
"2024-05-22",12:20,17.06 ,17.02 ,17.11 ,17.07 ,17.00 ,17.15 ,17.11 ,17.02 ,17.18 ,17.09 ,16.98 ,17.17 ,17.15 ,17.02 ,17.35 ,17.05 ,71.13 ,440.51 ,99.05 ,381.07 ,409.03 ,313.49 ,421.79 ,5.98 ,395.90 ,0.00 ,7837.20 ,0.00 ,-999.00 ,-999.00 ,100.91 ,0.20 ,0.20 ,6.32 ,9.38 ,211 ,4.83 ,8.15 ,209 ,0.41 ,17.20 ,17.18 ,17.23 ,16.67 ,16.64 ,16.68 ,16.15 ,16.14 ,16.17 ,-999.00 ,-999.00 ,-999.00 ,11.35 ,10.63 ,21.21 ,21.15 ,21.27 ,-999.00 ,-999.00 ,-999.00 ,-999.00 ,-999.00 ,-999.00 ,15.81 ,15.73 ,15.88 ,5.26 ,-0.03 ,3.84 ,37.10 ,0.69 ,0.70 ,0.72 ,0.73 ,0.71 ,0.72 ,0.73 ,0.74 ,0.57 ,,100.00 ,0.00 ,0.00 ,0.00 ,101.30 ,102.80 ,102.80 
"2024-05-22",12:30,17.41 ,17.09 ,17.73 ,17.43 ,17.13 ,17.73 ,17.44 ,17.16 ,17.67 ,17.42 ,17.13 ,17.68 ,18.11 ,17.39 ,19.13 ,17.35 ,71.08 ,672.26 ,153.02 ,378.67 ,418.33 ,479.58 ,573.97 ,81.76 ,398.23 ,0.83 ,7725.20 ,0.00 ,-999.00 ,-999.00 ,100.91 ,0.20 ,0.20 ,6.21 ,9.09 ,210 ,4.56 ,6.85 ,209 ,0.41 ,17.24 ,17.21 ,17.27 ,16.69 ,16.66 ,16.71 ,16.16 ,16.15 ,16.18 ,-999.00 ,-999.00 ,-999.00 ,11.35 ,10.63 ,21.45 ,21.27 ,21.79 ,-999.00 ,-999.00 ,-999.00 ,-999.00 ,-999.00 ,-999.00 ,15.84 ,15.75 ,15.90 ,5.73 ,0.00 ,4.25 ,38.31 ,0.69 ,0.70 ,0.72 ,0.73 ,0.71 ,0.72 ,0.73 ,0.74 ,0.57 ,,100.00 ,0.00 ,0.00 ,0.00 ,101.30 ,102.80 ,102.80 
"2024-05-22",12:40,17.90 ,17.63 ,18.23 ,17.88 ,17.63 ,18.21 ,17.87 ,17.60 ,18.12 ,17.85 ,17.57 ,18.09 ,18.64 ,18.25 ,18.99 ,17.79 ,70.67 ,643.13 ,145.80 ,376.11 ,420.21 ,453.24 ,491.48 ,140.51 ,395.96 ,1.83 ,7480.30 ,0.00 ,-999.00 ,-999.00 ,100.92 ,0.20 ,0.20 ,6.13 ,8.63 ,219 ,4.84 ,7.23 ,217 ,0.41 ,17.29 ,17.27 ,17.30 ,16.71 ,16.69 ,16.74 ,16.17 ,16.15 ,16.19 ,-999.00 ,-999.00 ,-999.00 ,11.34 ,10.64 ,22.24 ,21.91 ,22.58 ,-999.00 ,-999.00 ,-999.00 ,-999.00 ,-999.00 ,-999.00 ,15.81 ,15.74 ,15.86 ,6.24 ,0.05 ,4.68 ,42.31 ,0.69 ,0.70 ,0.72 ,0.73 ,0.71 ,0.72 ,0.73 ,0.74 ,0.57 ,,100.00 ,0.00 ,0.00 ,0.00 ,101.30 ,102.70 ,102.70 
"2024-05-22",12:50,17.67 ,17.52 ,17.79 ,17.67 ,17.53 ,17.79 ,17.72 ,17.57 ,17.88 ,17.71 ,17.57 ,17.88 ,17.83 ,17.67 ,18.21 ,17.66 ,70.94 ,395.46 ,88.10 ,383.07 ,413.10 ,277.33 ,381.88 ,1.61 ,399.24 ,0.00 ,7629.50 ,0.00 ,-999.00 ,-999.00 ,100.93 ,0.20 ,0.20 ,5.58 ,9.04 ,222 ,4.28 ,7.37 ,221 ,0.41 ,17.31 ,17.29 ,17.32 ,16.68 ,16.66 ,16.70 ,16.15 ,16.13 ,16.17 ,-999.00 ,-999.00 ,-999.00 ,11.36 ,10.63 ,22.51 ,22.43 ,22.58 ,-999.00 ,-999.00 ,-999.00 ,-999.00 ,-999.00 ,-999.00 ,15.79 ,15.75 ,15.87 ,6.79 ,0.09 ,5.14 ,48.74 ,0.69 ,0.70 ,0.72 ,0.73 ,0.71 ,0.72 ,0.73 ,0.74 ,0.57 ,,100.00 ,0.00 ,0.00 ,0.00 ,101.30 ,102.70 ,102.70 
"2024-05-22",13:00,17.62 ,17.51 ,17.71 ,17.62 ,17.50 ,17.70 ,17.69 ,17.56 ,17.82 ,17.67 ,17.53 ,17.77 ,17.81 ,17.60 ,17.93 ,17.65 ,70.10 ,411.75 ,91.91 ,380.88 ,412.01 ,288.71 ,391.27 ,11.22 ,397.17 ,0.00 ,7729.40 ,0.00 ,-999.00 ,-999.00 ,100.94 ,0.20 ,0.20 ,6.01 ,8.93 ,212 ,4.59 ,7.41 ,211 ,0.41 ,17.33 ,17.31 ,17.35 ,16.68 ,16.66 ,16.70 ,16.14 ,16.12 ,16.16 ,-999.00 ,-999.00 ,-999.00 ,11.34 ,10.64 ,22.35 ,22.31 ,22.42 ,-999.00 ,-999.00 ,-999.00 ,-999.00 ,-999.00 ,-999.00 ,15.82 ,15.73 ,15.87 ,7.38 ,0.13 ,5.64 ,48.49 ,0.69 ,0.70 ,0.72 ,0.73 ,0.71 ,0.72 ,0.73 ,0.74 ,0.57 ,,100.00 ,0.00 ,0.00 ,0.00 ,101.30 ,102.70 ,102.70 
"2024-05-22",13:10,17.31 ,17.16 ,17.52 ,17.31 ,17.13 ,17.51 ,17.39 ,17.21 ,17.60 ,17.36 ,17.16 ,17.58 ,17.54 ,17.32 ,17.78 ,17.33 ,72.29 ,441.13 ,99.47 ,381.44 ,410.98 ,312.12 ,426.14 ,7.43 ,396.88 ,0.00 ,7506.20 ,0.00 ,-999.00 ,-999.00 ,100.94 ,0.20 ,0.20 ,7.47 ,11.39 ,197 ,5.04 ,7.86 ,197 ,0.41 ,17.38 ,17.35 ,17.41 ,16.68 ,16.67 ,16.70 ,16.14 ,16.13 ,16.15 ,-999.00 ,-999.00 ,-999.00 ,11.35 ,10.63 ,22.22 ,22.15 ,22.30 ,-999.00 ,-999.00 ,-999.00 ,-999.00 ,-999.00 ,-999.00 ,15.83 ,15.76 ,15.91 ,8.02 ,0.19 ,6.18 ,45.09 ,0.69 ,0.70 ,0.72 ,0.73 ,0.71 ,0.72 ,0.72 ,0.74 ,0.57 ,,100.00 ,0.00 ,0.00 ,0.00 ,101.30 ,102.70 ,102.70 
"2024-05-22",13:20,17.56 ,17.40 ,17.67 ,17.57 ,17.44 ,17.66 ,17.58 ,17.45 ,17.67 ,17.57 ,17.44 ,17.67 ,17.99 ,17.92 ,18.08 ,17.52 ,72.23 ,513.51 ,115.20 ,377.86 ,414.30 ,361.87 ,485.74 ,12.37 ,396.32 ,0.00 ,6868.80 ,0.00 ,-999.00 ,-999.00 ,100.95 ,0.20 ,0.20 ,6.47 ,9.17 ,208 ,4.97 ,7.72 ,205 ,0.41 ,17.42 ,17.40 ,17.44 ,16.67 ,16.65 ,16.69 ,16.14 ,16.11 ,16.15 ,-999.00 ,-999.00 ,-999.00 ,11.35 ,10.63 ,22.29 ,22.18 ,22.38 ,-999.00 ,-999.00 ,-999.00 ,-999.00 ,-999.00 ,-999.00 ,15.81 ,15.76 ,15.91 ,8.71 ,0.25 ,6.77 ,41.58 ,0.69 ,0.70 ,0.72 ,0.73 ,0.71 ,0.72 ,0.72 ,0.74 ,0.57 ,,100.00 ,0.00 ,0.00 ,0.00 ,101.30 ,102.60 ,102.70 
"2024-05-22",13:30,17.41 ,17.22 ,17.70 ,17.41 ,17.26 ,17.71 ,17.46 ,17.26 ,17.68 ,17.44 ,17.23 ,17.67 ,17.63 ,17.18 ,18.09 ,17.39 ,71.39 ,383.04 ,85.91 ,381.36 ,410.96 ,267.53 ,369.99 ,3.96 ,396.54 ,0.00 ,7242.30 ,0.00 ,-999.00 ,-999.00 ,100.96 ,0.20 ,0.20 ,6.04 ,8.61 ,225 ,4.66 ,8.74 ,224 ,0.41 ,17.46 ,17.43 ,17.49 ,16.67 ,16.65 ,16.71 ,16.13 ,16.11 ,16.14 ,-999.00 ,-999.00 ,-999.00 ,11.35 ,10.63 ,22.38 ,22.30 ,22.43 ,-999.00 ,-999.00 ,-999.00 ,-999.00 ,-999.00 ,-999.00 ,15.83 ,15.77 ,15.88 ,9.43 ,0.31 ,7.38 ,40.70 ,0.69 ,0.70 ,0.72 ,0.73 ,0.71 ,0.72 ,0.72 ,0.74 ,0.57 ,,100.00 ,0.00 ,0.00 ,0.00 ,101.30 ,102.60 ,102.60 
"2024-05-22",13:40,17.15 ,17.02 ,17.27 ,17.14 ,17.03 ,17.30 ,17.22 ,17.11 ,17.40 ,17.21 ,17.09 ,17.38 ,17.11 ,16.93 ,17.57 ,17.17 ,72.53 ,367.21 ,84.83 ,379.38 ,409.22 ,252.53 ,353.28 ,17.21 ,395.55 ,0.17 ,7850.60 ,0.00 ,-999.00 ,-999.00 ,100.97 ,0.20 ,0.20 ,5.96 ,8.04 ,212 ,4.40 ,7.06 ,210 ,0.41 ,17.50 ,17.47 ,17.53 ,16.67 ,16.65 ,16.69 ,16.13 ,16.11 ,16.15 ,-999.00 ,-999.00 ,-999.00 ,11.36 ,10.63 ,22.12 ,21.98 ,22.27 ,-999.00 ,-999.00 ,-999.00 ,-999.00 ,-999.00 ,-999.00 ,15.83 ,15.81 ,15.86 ,10.13 ,0.39 ,7.99 ,38.69 ,0.69 ,0.70 ,0.72 ,0.73 ,0.71 ,0.72 ,0.72 ,0.74 ,0.57 ,,100.00 ,0.00 ,0.00 ,0.00 ,101.30 ,102.60 ,102.60 
"2024-05-22",13:50,17.77 ,17.38 ,18.18 ,17.75 ,17.37 ,18.18 ,17.85 ,17.45 ,18.24 ,17.85 ,17.45 ,18.25 ,18.88 ,18.05 ,19.56 ,17.77 ,71.88 ,626.80 ,141.26 ,362.88 ,422.61 ,425.82 ,472.28 ,149.12 ,391.99 ,3.33 ,7365.60 ,0.00 ,-999.00 ,-999.00 ,100.96 ,0.20 ,0.20 ,4.22 ,7.30 ,221 ,3.44 ,6.54 ,222 ,0.41 ,17.55 ,17.52 ,17.57 ,16.68 ,16.66 ,16.69 ,16.13 ,16.12 ,16.15 ,-999.00 ,-999.00 ,-999.00 ,11.36 ,10.63 ,22.27 ,21.97 ,22.62 ,-999.00 ,-999.00 ,-999.00 ,-999.00 ,-999.00 ,-999.00 ,15.84 ,15.78 ,15.88 ,10.77 ,0.47 ,8.57 ,34.94 ,0.69 ,0.70 ,0.72 ,0.73 ,0.71 ,0.72 ,0.72 ,0.74 ,0.57 ,,100.00 ,0.00 ,0.00 ,0.00 ,101.30 ,102.60 ,102.60 
"2024-05-22",14:00,17.78 ,17.56 ,18.03 ,17.78 ,17.60 ,18.01 ,17.84 ,17.62 ,18.18 ,17.82 ,17.60 ,18.16 ,18.24 ,17.60 ,19.21 ,17.83 ,69.54 ,351.33 ,78.12 ,377.30 ,413.07 ,237.45 ,336.03 ,1.18 ,395.33 ,0.00 ,7450.10 ,0.00 ,-999.00 ,-999.00 ,100.97 ,0.20 ,0.20 ,5.04 ,8.27 ,221 ,3.88 ,6.83 ,220 ,0.41 ,17.58 ,17.55 ,17.62 ,16.68 ,16.67 ,16.70 ,16.13 ,16.10 ,16.14 ,-999.00 ,-999.00 ,-999.00 ,11.35 ,10.63 ,22.70 ,22.60 ,22.78 ,-999.00 ,-999.00 ,-999.00 ,-999.00 ,-999.00 ,-999.00 ,15.83 ,15.78 ,15.89 ,11.36 ,0.55 ,9.11 ,37.60 ,0.69 ,0.70 ,0.72 ,0.73 ,0.71 ,0.72 ,0.72 ,0.74 ,0.57 ,,100.00 ,0.00 ,0.00 ,0.00 ,101.30 ,102.50 ,102.50 
"2024-05-22",14:10,17.96 ,17.75 ,18.24 ,17.96 ,17.71 ,18.25 ,17.94 ,17.72 ,18.17 ,17.93 ,17.72 ,18.17 ,18.52 ,17.80 ,19.15 ,17.89 ,69.45 ,561.95 ,126.45 ,369.01 ,417.70 ,386.81 ,465.98 ,90.75 ,391.18 ,2.17 ,7854.30 ,0.00 ,-999.00 ,-999.00 ,100.97 ,0.20 ,0.20 ,5.69 ,8.03 ,218 ,4.34 ,7.39 ,218 ,0.41 ,17.63 ,17.59 ,17.67 ,16.69 ,16.67 ,16.71 ,16.12 ,16.11 ,16.14 ,-999.00 ,-999.00 ,-999.00 ,11.34 ,10.63 ,22.68 ,22.54 ,22.81 ,-999.00 ,-999.00 ,-999.00 ,-999.00 ,-999.00 ,-999.00 ,15.84 ,15.78 ,15.92 ,11.88 ,0.64 ,9.60 ,38.53 ,0.69 ,0.70 ,0.72 ,0.73 ,0.71 ,0.72 ,0.72 ,0.74 ,0.57 ,,100.00 ,0.00 ,0.00 ,0.00 ,101.30 ,102.50 ,102.50 
"2024-05-22",14:20,18.11 ,17.96 ,18.27 ,18.10 ,17.94 ,18.26 ,18.08 ,17.86 ,18.29 ,18.07 ,17.83 ,18.29 ,18.87 ,18.44 ,19.28 ,18.04 ,70.09 ,549.56 ,122.75 ,355.58 ,419.88 ,362.50 ,364.94 ,205.04 ,379.85 ,5.33 ,7623.10 ,0.00 ,-999.00 ,-999.00 ,100.97 ,0.20 ,0.20 ,5.12 ,7.73 ,204 ,4.04 ,6.34 ,204 ,0.41 ,17.69 ,17.66 ,17.72 ,16.70 ,16.68 ,16.72 ,16.13 ,16.11 ,16.16 ,-999.00 ,-999.00 ,-999.00 ,11.34 ,10.62 ,22.88 ,22.78 ,22.99 ,-999.00 ,-999.00 ,-999.00 ,-999.00 ,-999.00 ,-999.00 ,15.82 ,15.77 ,15.86 ,12.34 ,0.73 ,10.04 ,38.79 ,0.69 ,0.70 ,0.72 ,0.73 ,0.71 ,0.72 ,0.72 ,0.74 ,0.57 ,,100.00 ,0.00 ,0.00 ,0.00 ,101.30 ,102.50 ,102.50 
"2024-05-22",14:30,17.86 ,17.78 ,18.12 ,17.79 ,17.71 ,18.08 ,17.84 ,17.73 ,18.06 ,17.81 ,17.71 ,18.02 ,18.05 ,17.76 ,18.68 ,17.83 ,69.29 ,378.87 ,81.85 ,361.96 ,412.26 ,246.72 ,337.25 ,39.51 ,384.53 ,1.00 ,5823.50 ,0.00 ,-999.00 ,-999.00 ,100.97 ,0.20 ,0.20 ,5.41 ,7.79 ,201 ,3.93 ,6.11 ,201 ,0.41 ,17.74 ,17.72 ,17.77 ,16.71 ,16.69 ,16.73 ,16.13 ,16.11 ,16.16 ,-999.00 ,-999.00 ,-999.00 ,11.34 ,10.62 ,22.85 ,22.69 ,23.02 ,-999.00 ,-999.00 ,-999.00 ,-999.00 ,-999.00 ,-999.00 ,15.83 ,15.79 ,15.86 ,12.79 ,0.82 ,10.46 ,39.76 ,0.69 ,0.70 ,0.72 ,0.73 ,0.71 ,0.72 ,0.72 ,0.74 ,0.57 ,,100.00 ,0.00 ,0.00 ,0.00 ,101.30 ,102.50 ,102.50 
"2024-05-22",14:40,18.34 ,18.00 ,18.54 ,18.31 ,17.95 ,18.55 ,18.32 ,17.96 ,18.58 ,18.32 ,17.96 ,18.58 ,19.11 ,18.33 ,19.82 ,18.29 ,67.75 ,592.97 ,134.13 ,364.99 ,422.37 ,401.46 ,409.41 ,212.27 ,393.26 ,5.17 ,6748.00 ,0.00 ,-999.00 ,-999.00 ,100.98 ,0.20 ,0.20 ,5.11 ,7.75 ,198 ,3.95 ,6.28 ,195 ,0.41 ,17.79 ,17.75 ,17.82 ,16.70 ,16.68 ,16.73 ,16.13 ,16.11 ,16.14 ,-999.00 ,-999.00 ,-999.00 ,11.34 ,10.61 ,22.86 ,22.65 ,23.13 ,-999.00 ,-999.00 ,-999.00 ,-999.00 ,-999.00 ,-999.00 ,15.84 ,15.81 ,15.88 ,13.22 ,0.92 ,10.86 ,37.35 ,0.69 ,0.70 ,0.72 ,0.73 ,0.71 ,0.72 ,0.72 ,0.74 ,0.57 ,,100.00 ,0.00 ,0.00 ,0.00 ,101.30 ,102.50 ,102.50 
"2024-05-22",14:50,18.02 ,17.75 ,18.37 ,17.98 ,17.66 ,18.29 ,18.08 ,17.83 ,18.40 ,18.03 ,17.79 ,18.34 ,17.93 ,17.45 ,18.59 ,18.06 ,69.70 ,206.96 ,43.48 ,380.22 ,409.69 ,134.01 ,199.13 ,0.02 ,395.23 ,0.00 ,6256.80 ,0.00 ,-999.00 ,-999.00 ,100.98 ,0.20 ,0.20 ,4.17 ,5.84 ,202 ,3.07 ,5.09 ,200 ,0.41 ,17.84 ,17.81 ,17.86 ,16.72 ,16.69 ,16.74 ,16.13 ,16.10 ,16.14 ,-999.00 ,-999.00 ,-999.00 ,11.33 ,10.62 ,22.89 ,22.60 ,23.14 ,-999.00 ,-999.00 ,-999.00 ,-999.00 ,-999.00 ,-999.00 ,15.80 ,15.75 ,15.86 ,13.67 ,1.01 ,11.25 ,37.96 ,0.69 ,0.70 ,0.72 ,0.73 ,0.71 ,0.72 ,0.72 ,0.74 ,0.57 ,,100.00 ,0.00 ,0.00 ,0.00 ,101.30 ,102.40 ,102.40 
"2024-05-22",15:00,17.64 ,17.53 ,17.89 ,17.64 ,17.50 ,17.87 ,17.71 ,17.57 ,17.93 ,17.70 ,17.55 ,17.94 ,17.41 ,17.02 ,18.22 ,17.68 ,70.59 ,259.85 ,57.78 ,378.43 ,409.67 ,170.83 ,253.99 ,4.82 ,395.57 ,0.00 ,6028.30 ,0.00 ,-999.00 ,-999.00 ,100.98 ,0.20 ,0.20 ,3.92 ,6.09 ,193 ,2.72 ,4.79 ,191 ,0.41 ,17.87 ,17.85 ,17.90 ,16.71 ,16.69 ,16.74 ,16.11 ,16.09 ,16.14 ,-999.00 ,-999.00 ,-999.00 ,11.35 ,10.62 ,22.25 ,22.10 ,22.51 ,-999.00 ,-999.00 ,-999.00 ,-999.00 ,-999.00 ,-999.00 ,15.83 ,15.75 ,15.91 ,14.11 ,1.11 ,11.63 ,34.16 ,0.69 ,0.70 ,0.72 ,0.73 ,0.71 ,0.72 ,0.72 ,0.74 ,0.57 ,,100.00 ,0.00 ,0.00 ,0.00 ,101.30 ,102.40 ,102.40 
"2024-05-22",15:10,18.66 ,18.03 ,19.04 ,18.62 ,18.04 ,19.00 ,18.64 ,18.06 ,19.07 ,18.63 ,18.06 ,19.05 ,19.74 ,18.45 ,20.69 ,18.64 ,67.87 ,660.78 ,154.21 ,354.37 ,428.15 ,432.78 ,298.28 ,492.34 ,378.93 ,9.50 ,7383.80 ,0.00 ,-999.00 ,-999.00 ,100.97 ,0.20 ,0.20 ,3.74 ,5.99 ,212 ,2.93 ,4.92 ,214 ,0.41 ,17.93 ,17.88 ,17.97 ,16.72 ,16.69 ,16.74 ,16.10 ,16.08 ,16.11 ,-999.00 ,-999.00 ,-999.00 ,11.35 ,10.63 ,22.45 ,22.15 ,22.83 ,-999.00 ,-999.00 ,-999.00 ,-999.00 ,-999.00 ,-999.00 ,15.82 ,15.76 ,15.86 ,14.54 ,1.20 ,11.99 ,28.26 ,0.69 ,0.70 ,0.72 ,0.73 ,0.71 ,0.72 ,0.72 ,0.74 ,0.57 ,,100.00 ,0.00 ,0.00 ,0.00 ,101.30 ,102.40 ,102.40 
"2024-05-22",15:20,18.93 ,18.56 ,19.14 ,18.89 ,18.61 ,19.09 ,18.92 ,18.65 ,19.07 ,18.89 ,18.61 ,19.06 ,20.19 ,18.95 ,21.10 ,18.93 ,66.19 ,415.66 ,93.62 ,359.98 ,425.30 ,256.71 ,233.67 ,231.25 ,383.78 ,3.50 ,6950.70 ,0.00 ,-999.00 ,-999.00 ,100.97 ,0.20 ,0.20 ,3.25 ,5.84 ,184 ,2.65 ,4.64 ,187 ,0.41 ,17.99 ,17.95 ,18.03 ,16.73 ,16.71 ,16.75 ,16.10 ,16.08 ,16.13 ,-999.00 ,-999.00 ,-999.00 ,11.35 ,10.64 ,23.21 ,22.95 ,23.34 ,-999.00 ,-999.00 ,-999.00 ,-999.00 ,-999.00 ,-999.00 ,15.80 ,15.74 ,15.83 ,14.94 ,1.30 ,12.34 ,32.50 ,0.69 ,0.70 ,0.72 ,0.73 ,0.71 ,0.72 ,0.72 ,0.74 ,0.57 ,,100.00 ,0.00 ,0.00 ,0.00 ,101.30 ,102.40 ,102.40 
"2024-05-22",15:30,18.72 ,18.48 ,19.00 ,18.68 ,18.43 ,18.93 ,18.71 ,18.49 ,18.97 ,18.70 ,18.47 ,18.96 ,19.12 ,18.50 ,19.76 ,18.71 ,66.19 ,411.41 ,93.54 ,368.62 ,419.94 ,266.56 ,298.59 ,149.07 ,391.18 ,3.33 ,7244.70 ,0.00 ,-999.00 ,-999.00 ,100.97 ,0.20 ,0.20 ,3.84 ,6.05 ,220 ,2.99 ,4.85 ,222 ,0.41 ,18.05 ,18.02 ,18.07 ,16.73 ,16.71 ,16.73 ,16.09 ,16.08 ,16.11 ,-999.00 ,-999.00 ,-999.00 ,11.36 ,10.64 ,22.96 ,22.83 ,23.16 ,-999.00 ,-999.00 ,-999.00 ,-999.00 ,-999.00 ,-999.00 ,15.79 ,15.72 ,15.87 ,15.28 ,1.40 ,12.66 ,37.17 ,0.69 ,0.70 ,0.72 ,0.73 ,0.71 ,0.72 ,0.72 ,0.74 ,0.57 ,,100.00 ,0.00 ,0.00 ,0.00 ,101.30 ,102.30 ,102.40 
"2024-05-22",15:40,19.06 ,18.93 ,19.15 ,19.01 ,18.87 ,19.11 ,19.03 ,18.93 ,19.15 ,19.01 ,18.90 ,19.14 ,19.63 ,19.48 ,19.75 ,19.07 ,64.86 ,436.84 ,98.84 ,359.50 ,421.37 ,276.13 ,300.39 ,185.98 ,385.71 ,4.50 ,7675.60 ,0.00 ,-999.00 ,-999.00 ,100.96 ,0.20 ,0.20 ,4.25 ,7.53 ,218 ,3.36 ,6.67 ,220 ,0.41 ,18.08 ,18.07 ,18.12 ,16.72 ,16.66 ,16.74 ,16.08 ,16.07 ,16.09 ,-999.00 ,-999.00 ,-999.00 ,11.37 ,10.64 ,23.00 ,22.97 ,23.04 ,-999.00 ,-999.00 ,-999.00 ,-999.00 ,-999.00 ,-999.00 ,15.79 ,15.73 ,15.85 ,15.55 ,1.49 ,12.93 ,35.22 ,0.69 ,0.70 ,0.72 ,0.73 ,0.71 ,0.72 ,0.72 ,0.74 ,0.57 ,,100.00 ,0.00 ,0.00 ,0.00 ,101.30 ,102.30 ,102.30 
"2024-05-22",15:50,18.61 ,18.50 ,18.85 ,18.58 ,18.47 ,18.84 ,18.63 ,18.54 ,18.88 ,18.61 ,18.51 ,18.86 ,18.42 ,18.08 ,19.22 ,18.62 ,64.86 ,257.67 ,53.55 ,363.70 ,411.94 ,155.88 ,230.28 ,30.45 ,385.44 ,0.67 ,7915.60 ,0.00 ,-999.00 ,-999.00 ,100.95 ,0.20 ,0.20 ,4.28 ,6.35 ,215 ,3.28 ,5.62 ,214 ,0.41 ,18.13 ,18.07 ,18.17 ,16.72 ,16.70 ,16.73 ,16.08 ,16.06 ,16.10 ,-999.00 ,-999.00 ,-999.00 ,11.37 ,10.65 ,22.76 ,22.47 ,23.03 ,-999.00 ,-999.00 ,-999.00 ,-999.00 ,-999.00 ,-999.00 ,15.80 ,15.72 ,15.88 ,15.80 ,1.59 ,13.19 ,34.16 ,0.69 ,0.70 ,0.72 ,0.73 ,0.71 ,0.72 ,0.72 ,0.74 ,0.57 ,,100.00 ,0.00 ,0.00 ,0.00 ,101.30 ,102.30 ,102.30 
"2024-05-22",16:00,18.48 ,18.43 ,18.54 ,18.46 ,18.41 ,18.51 ,18.59 ,18.49 ,18.65 ,18.57 ,18.47 ,18.64 ,18.51 ,18.32 ,18.58 ,18.55 ,68.00 ,292.90 ,64.77 ,371.41 ,415.21 ,184.33 ,243.02 ,69.50 ,391.18 ,2.00 ,7982.10 ,0.00 ,-999.00 ,-999.00 ,100.95 ,0.20 ,0.20 ,3.53 ,4.96 ,186 ,2.52 ,3.74 ,185 ,0.41 ,18.18 ,18.15 ,18.21 ,16.75 ,16.73 ,16.77 ,16.08 ,16.06 ,16.09 ,-999.00 ,-999.00 ,-999.00 ,11.36 ,10.65 ,22.36 ,22.29 ,22.44 ,-999.00 ,-999.00 ,-999.00 ,-999.00 ,-999.00 ,-999.00 ,15.79 ,15.75 ,15.86 ,16.06 ,1.69 ,13.44 ,29.13 ,0.69 ,0.70 ,0.72 ,0.73 ,0.71 ,0.72 ,0.72 ,0.74 ,0.57 ,,100.00 ,0.00 ,0.00 ,0.00 ,101.30 ,102.30 ,102.30 
"2024-05-22",16:10,18.56 ,18.47 ,18.64 ,18.55 ,18.46 ,18.61 ,18.64 ,18.54 ,18.71 ,18.62 ,18.51 ,18.68 ,18.53 ,18.09 ,18.70 ,18.62 ,67.43 ,269.16 ,57.45 ,371.30 ,414.67 ,168.35 ,236.18 ,39.44 ,391.55 ,1.33 ,7601.70 ,0.00 ,-999.00 ,-999.00 ,100.95 ,0.20 ,0.20 ,3.84 ,6.25 ,184 ,2.79 ,5.43 ,184 ,0.41 ,18.23 ,18.19 ,18.26 ,16.78 ,16.73 ,16.81 ,16.09 ,16.07 ,16.11 ,-999.00 ,-999.00 ,-999.00 ,11.36 ,10.65 ,22.23 ,22.17 ,22.27 ,-999.00 ,-999.00 ,-999.00 ,-999.00 ,-999.00 ,-999.00 ,15.80 ,15.75 ,15.85 ,16.31 ,1.78 ,13.69 ,25.03 ,0.69 ,0.70 ,0.72 ,0.73 ,0.71 ,0.72 ,0.72 ,0.74 ,0.57 ,,100.00 ,0.00 ,0.00 ,0.00 ,101.30 ,102.20 ,102.30 
"2024-05-22",16:20,18.29 ,18.16 ,18.45 ,18.29 ,18.14 ,18.44 ,18.40 ,18.30 ,18.54 ,18.37 ,18.25 ,18.50 ,17.64 ,17.31 ,17.95 ,18.35 ,68.20 ,134.65 ,24.58 ,380.68 ,407.64 ,83.11 ,130.17 ,0.00 ,395.88 ,0.00 ,7651.70 ,0.00 ,-999.00 ,-999.00 ,100.95 ,0.20 ,0.20 ,3.87 ,5.68 ,192 ,2.69 ,4.19 ,190 ,0.41 ,18.27 ,18.24 ,18.30 ,16.79 ,16.77 ,16.81 ,16.10 ,16.09 ,16.11 ,-999.00 ,-999.00 ,-999.00 ,11.35 ,10.64 ,21.88 ,21.63 ,22.12 ,-999.00 ,-999.00 ,-999.00 ,-999.00 ,-999.00 ,-999.00 ,15.81 ,15.74 ,15.88 ,16.56 ,1.88 ,13.93 ,22.29 ,0.69 ,0.70 ,0.72 ,0.73 ,0.71 ,0.72 ,0.72 ,0.74 ,0.57 ,,100.00 ,0.00 ,0.00 ,0.00 ,101.30 ,102.20 ,102.20 
"2024-05-22",16:30,18.06 ,17.88 ,18.17 ,18.07 ,17.91 ,18.20 ,18.16 ,18.03 ,18.29 ,18.13 ,17.99 ,18.25 ,17.04 ,16.77 ,17.29 ,18.13 ,69.01 ,73.18 ,10.62 ,382.92 ,404.13 ,41.36 ,69.99 ,0.00 ,395.55 ,0.00 ,6425.40 ,0.00 ,-999.00 ,-999.00 ,100.95 ,0.20 ,0.20 ,3.40 ,5.27 ,205 ,2.60 ,4.28 ,206 ,0.41 ,18.30 ,18.27 ,18.33 ,16.77 ,16.76 ,16.81 ,16.10 ,16.08 ,16.14 ,-999.00 ,-999.00 ,-999.00 ,11.35 ,10.63 ,21.33 ,21.09 ,21.56 ,-999.00 ,-999.00 ,-999.00 ,-999.00 ,-999.00 ,-999.00 ,15.82 ,15.79 ,15.85 ,16.77 ,1.97 ,14.13 ,17.02 ,0.69 ,0.70 ,0.72 ,0.73 ,0.71 ,0.72 ,0.72 ,0.74 ,0.57 ,,100.00 ,0.00 ,0.00 ,0.00 ,101.30 ,102.20 ,102.20 
"2024-05-22",16:40,17.77 ,17.67 ,17.85 ,17.75 ,17.62 ,17.88 ,17.90 ,17.75 ,18.03 ,17.87 ,17.72 ,18.01 ,16.56 ,16.39 ,16.77 ,17.86 ,70.81 ,43.78 ,3.44 ,384.73 ,401.22 ,23.85 ,41.84 ,0.00 ,395.09 ,0.00 ,7847.00 ,0.00 ,-999.00 ,-999.00 ,100.96 ,0.20 ,0.20 ,3.08 ,4.21 ,203 ,2.16 ,3.40 ,202 ,0.40 ,18.37 ,18.33 ,18.43 ,16.80 ,16.77 ,16.84 ,16.09 ,16.06 ,16.12 ,-999.00 ,-999.00 ,-999.00 ,11.37 ,10.64 ,20.80 ,20.59 ,21.04 ,-999.00 ,-999.00 ,-999.00 ,-999.00 ,-999.00 ,-999.00 ,15.82 ,15.75 ,15.89 ,16.92 ,2.07 ,14.29 ,10.26 ,0.69 ,0.70 ,0.72 ,0.73 ,0.71 ,0.72 ,0.72 ,0.74 ,0.57 ,,100.00 ,0.00 ,0.00 ,0.00 ,101.30 ,102.20 ,102.20 
"2024-05-22",16:50,17.62 ,17.57 ,17.68 ,17.59 ,17.53 ,17.62 ,17.69 ,17.65 ,17.72 ,17.68 ,17.61 ,17.71 ,16.34 ,16.29 ,16.40 ,17.67 ,71.95 ,51.97 ,6.39 ,386.58 ,400.53 ,31.63 ,50.77 ,0.00 ,395.46 ,0.00 ,7855.70 ,0.00 ,-999.00 ,-999.00 ,100.95 ,0.20 ,0.20 ,2.92 ,3.96 ,202 ,1.90 ,2.83 ,200 ,0.40 ,18.40 ,18.38 ,18.41 ,16.82 ,16.79 ,16.85 ,16.10 ,16.08 ,16.12 ,-999.00 ,-999.00 ,-999.00 ,11.35 ,10.64 ,20.35 ,20.19 ,20.54 ,-999.00 ,-999.00 ,-999.00 ,-999.00 ,-999.00 ,-999.00 ,15.81 ,15.75 ,15.89 ,16.99 ,2.16 ,14.40 ,4.00 ,0.69 ,0.70 ,0.72 ,0.73 ,0.71 ,0.72 ,0.72 ,0.74 ,0.57 ,,100.00 ,0.00 ,0.00 ,0.00 ,101.30 ,102.20 ,102.20 
"2024-05-22",17:00,17.69 ,17.51 ,17.81 ,17.70 ,17.51 ,17.80 ,17.80 ,17.66 ,17.92 ,17.79 ,17.63 ,17.91 ,16.65 ,16.43 ,16.84 ,17.74 ,72.62 ,105.93 ,18.88 ,381.54 ,403.93 ,64.65 ,103.43 ,0.00 ,393.45 ,0.00 ,7876.60 ,0.00 ,-999.00 ,-999.00 ,100.96 ,0.20 ,0.20 ,2.75 ,4.05 ,203 ,1.88 ,2.77 ,201 ,0.40 ,18.42 ,18.39 ,18.45 ,16.80 ,16.78 ,16.82 ,16.06 ,16.04 ,16.09 ,-999.00 ,-999.00 ,-999.00 ,11.37 ,10.65 ,20.15 ,20.14 ,20.17 ,-999.00 ,-999.00 ,-999.00 ,-999.00 ,-999.00 ,-999.00 ,15.82 ,15.76 ,15.85 ,16.95 ,2.26 ,14.45 ,-0.23 ,0.69 ,0.70 ,0.72 ,0.73 ,0.71 ,0.72 ,0.72 ,0.74 ,0.56 ,,100.00 ,0.00 ,0.00 ,0.00 ,101.30 ,102.20 ,102.20 
"2024-05-22",17:10,17.93 ,17.80 ,18.02 ,17.94 ,17.83 ,18.04 ,18.00 ,17.91 ,18.12 ,18.00 ,17.91 ,18.12 ,17.08 ,16.88 ,17.33 ,17.99 ,71.22 ,126.55 ,25.62 ,381.64 ,406.38 ,76.18 ,123.53 ,0.82 ,394.93 ,0.00 ,7836.30 ,0.00 ,-999.00 ,-999.00 ,100.95 ,0.20 ,0.20 ,2.46 ,4.54 ,207 ,1.63 ,3.12 ,206 ,0.40 ,18.49 ,18.46 ,18.52 ,16.81 ,16.77 ,16.84 ,16.07 ,16.05 ,16.09 ,-999.00 ,-999.00 ,-999.00 ,11.37 ,10.66 ,20.14 ,20.12 ,20.17 ,-999.00 ,-999.00 ,-999.00 ,-999.00 ,-999.00 ,-999.00 ,15.81 ,15.75 ,15.85 ,16.80 ,2.35 ,14.42 ,-1.52 ,0.69 ,0.70 ,0.72 ,0.73 ,0.71 ,0.72 ,0.72 ,0.74 ,0.56 ,,100.00 ,0.00 ,0.00 ,0.00 ,101.30 ,102.10 ,102.10 
"2024-05-22",17:20,18.29 ,18.12 ,18.47 ,18.26 ,18.12 ,18.39 ,18.34 ,18.14 ,18.49 ,18.32 ,18.13 ,18.48 ,17.71 ,17.37 ,17.97 ,18.34 ,68.69 ,182.71 ,42.35 ,379.64 ,409.22 ,110.78 ,147.73 ,83.28 ,394.69 ,0.83 ,7650.10 ,0.00 ,-999.00 ,-999.00 ,100.95 ,0.20 ,0.20 ,2.61 ,4.12 ,211 ,2.03 ,3.16 ,209 ,0.40 ,18.52 ,18.51 ,18.54 ,16.85 ,16.83 ,16.87 ,16.06 ,16.05 ,16.07 ,-999.00 ,-999.00 ,-999.00 ,11.36 ,10.64 ,20.15 ,20.13 ,20.16 ,-999.00 ,-999.00 ,-999.00 ,-999.00 ,-999.00 ,-999.00 ,15.80 ,15.75 ,15.85 ,16.55 ,2.43 ,14.31 ,-1.16 ,0.69 ,0.71 ,0.72 ,0.73 ,0.71 ,0.72 ,0.72 ,0.74 ,0.56 ,,100.00 ,0.00 ,0.00 ,0.00 ,101.30 ,102.10 ,102.10 
"2024-05-22",17:30,18.24 ,17.97 ,18.41 ,18.19 ,17.95 ,18.37 ,18.31 ,18.10 ,18.47 ,18.28 ,18.04 ,18.44 ,17.57 ,17.08 ,18.00 ,18.30 ,67.79 ,149.13 ,29.28 ,364.53 ,406.06 ,78.32 ,138.52 ,18.83 ,384.03 ,0.33 ,7211.00 ,0.00 ,-999.00 ,-999.00 ,100.96 ,0.20 ,0.20 ,3.96 ,6.45 ,206 ,2.85 ,5.61 ,206 ,0.40 ,18.55 ,18.54 ,18.58 ,16.86 ,16.84 ,16.87 ,16.06 ,16.05 ,16.07 ,-999.00 ,-999.00 ,-999.00 ,11.37 ,10.65 ,20.14 ,20.05 ,20.19 ,-999.00 ,-999.00 ,-999.00 ,-999.00 ,-999.00 ,-999.00 ,15.80 ,15.74 ,15.86 ,16.20 ,2.51 ,14.12 ,0.33 ,0.69 ,0.71 ,0.72 ,0.73 ,0.71 ,0.72 ,0.72 ,0.74 ,0.56 ,,100.00 ,0.00 ,0.00 ,0.00 ,101.30 ,102.10 ,102.10 
"2024-05-22",17:40,17.58 ,17.39 ,17.89 ,17.54 ,17.33 ,17.79 ,17.68 ,17.47 ,17.96 ,17.64 ,17.44 ,17.92 ,16.39 ,15.99 ,16.94 ,17.66 ,70.08 ,86.70 ,10.25 ,335.39 ,398.44 ,13.40 ,79.53 ,0.00 ,367.03 ,0.00 ,6124.70 ,0.00 ,-999.00 ,-999.00 ,100.97 ,0.20 ,0.20 ,3.84 ,5.47 ,200 ,2.59 ,3.84 ,200 ,0.40 ,18.57 ,18.55 ,18.59 ,16.87 ,16.85 ,16.89 ,16.06 ,16.04 ,16.08 ,-999.00 ,-999.00 ,-999.00 ,11.37 ,10.65 ,19.82 ,19.58 ,20.02 ,-999.00 ,-999.00 ,-999.00 ,-999.00 ,-999.00 ,-999.00 ,15.80 ,15.74 ,15.86 ,15.78 ,2.58 ,13.86 ,0.24 ,0.69 ,0.71 ,0.72 ,0.73 ,0.71 ,0.72 ,0.72 ,0.74 ,0.56 ,,100.00 ,0.00 ,0.00 ,0.00 ,101.30 ,102.10 ,102.10 
"2024-05-22",17:50,17.14 ,17.05 ,17.27 ,17.11 ,17.03 ,17.24 ,17.24 ,17.15 ,17.42 ,17.20 ,17.11 ,17.38 ,15.88 ,15.80 ,16.09 ,17.21 ,71.28 ,106.13 ,17.08 ,334.67 ,397.09 ,26.62 ,89.81 ,48.86 ,368.00 ,1.50 ,5669.10 ,0.00 ,-999.00 ,-999.00 ,100.98 ,0.20 ,0.20 ,3.46 ,4.98 ,207 ,2.38 ,4.08 ,204 ,0.40 ,18.57 ,18.55 ,18.59 ,16.90 ,16.87 ,16.92 ,16.09 ,16.07 ,16.11 ,-999.00 ,-999.00 ,-999.00 ,11.35 ,10.63 ,19.35 ,19.19 ,19.57 ,-999.00 ,-999.00 ,-999.00 ,-999.00 ,-999.00 ,-999.00 ,15.79 ,15.76 ,15.83 ,15.34 ,2.64 ,13.57 ,-3.43 ,0.69 ,0.71 ,0.72 ,0.73 ,0.71 ,0.72 ,0.72 ,0.74 ,0.56 ,,100.00 ,0.00 ,0.00 ,0.00 ,101.30 ,102.10 ,102.10 
"2024-05-22",18:00,17.12 ,16.99 ,17.22 ,17.10 ,17.04 ,17.15 ,17.22 ,17.17 ,17.27 ,17.21 ,17.13 ,17.24 ,15.92 ,15.73 ,16.11 ,17.19 ,70.11 ,90.16 ,12.45 ,332.30 ,396.27 ,13.74 ,80.97 ,23.50 ,361.80 ,0.67 ,7902.80 ,0.00 ,-999.00 ,-999.00 ,100.99 ,0.20 ,0.20 ,3.72 ,5.70 ,205 ,2.42 ,3.82 ,202 ,0.40 ,18.57 ,18.55 ,18.61 ,16.89 ,16.87 ,16.91 ,16.08 ,16.07 ,16.10 ,-999.00 ,-999.00 ,-999.00 ,11.35 ,10.62 ,19.06 ,18.91 ,19.17 ,-999.00 ,-999.00 ,-999.00 ,-999.00 ,-999.00 ,-999.00 ,15.84 ,15.81 ,15.86 ,14.90 ,2.69 ,13.27 ,-7.35 ,0.69 ,0.71 ,0.72 ,0.73 ,0.71 ,0.72 ,0.72 ,0.74 ,0.56 ,,100.00 ,0.00 ,0.00 ,0.00 ,101.30 ,102.10 ,102.10 
"2024-05-22",18:10,16.96 ,16.87 ,17.07 ,16.95 ,16.85 ,17.07 ,17.10 ,17.02 ,17.23 ,17.08 ,17.00 ,17.22 ,15.53 ,15.41 ,15.69 ,17.05 ,71.12 ,62.54 ,5.66 ,339.35 ,394.45 ,1.78 ,60.52 ,0.00 ,365.40 ,0.00 ,7746.40 ,0.00 ,-999.00 ,-999.00 ,101.00 ,0.20 ,0.20 ,3.59 ,5.45 ,211 ,2.47 ,4.47 ,209 ,0.40 ,18.62 ,18.60 ,18.65 ,16.89 ,16.86 ,16.91 ,16.06 ,16.04 ,16.08 ,-999.00 ,-999.00 ,-999.00 ,11.37 ,10.63 ,18.73 ,18.62 ,18.89 ,-999.00 ,-999.00 ,-999.00 ,-999.00 ,-999.00 ,-999.00 ,15.82 ,15.79 ,15.87 ,14.46 ,2.74 ,12.96 ,-9.98 ,0.69 ,0.71 ,0.72 ,0.73 ,0.71 ,0.72 ,0.72 ,0.74 ,0.56 ,,100.00 ,0.00 ,0.00 ,0.00 ,101.30 ,102.10 ,102.10 
"2024-05-22",18:20,16.93 ,16.84 ,17.03 ,16.93 ,16.85 ,17.02 ,17.07 ,17.01 ,17.14 ,17.07 ,17.00 ,17.13 ,15.53 ,15.45 ,15.61 ,17.01 ,72.22 ,33.54 ,1.11 ,377.08 ,396.18 ,13.99 ,32.13 ,0.00 ,387.87 ,0.00 ,7959.40 ,0.00 ,-999.00 ,-999.00 ,101.00 ,0.20 ,0.20 ,3.38 ,5.84 ,219 ,2.40 ,4.08 ,218 ,0.40 ,18.63 ,18.62 ,18.64 ,16.95 ,16.91 ,16.98 ,16.09 ,16.07 ,16.11 ,-999.00 ,-999.00 ,-999.00 ,11.38 ,10.65 ,18.53 ,18.46 ,18.60 ,-999.00 ,-999.00 ,-999.00 ,-999.00 ,-999.00 ,-999.00 ,15.79 ,15.76 ,15.90 ,14.02 ,2.78 ,12.62 ,-12.89 ,0.69 ,0.71 ,0.72 ,0.73 ,0.71 ,0.72 ,0.72 ,0.74 ,0.56 ,,100.00 ,0.00 ,0.00 ,0.00 ,101.30 ,102.00 ,102.00 
"2024-05-22",18:30,16.96 ,16.81 ,17.07 ,16.93 ,16.79 ,17.04 ,16.95 ,16.76 ,17.10 ,16.94 ,16.73 ,17.10 ,15.54 ,15.39 ,15.63 ,16.87 ,74.50 ,13.48 ,0.00 ,383.25 ,395.07 ,5.14 ,13.12 ,0.00 ,390.96 ,0.00 ,7844.00 ,0.00 ,-999.00 ,-999.00 ,101.01 ,0.20 ,0.20 ,2.95 ,5.09 ,246 ,2.22 ,4.32 ,245 ,0.40 ,18.62 ,18.62 ,18.65 ,16.96 ,16.94 ,16.99 ,16.10 ,16.08 ,16.12 ,-999.00 ,-999.00 ,-999.00 ,11.36 ,10.64 ,18.31 ,18.21 ,18.43 ,-999.00 ,-999.00 ,-999.00 ,-999.00 ,-999.00 ,-999.00 ,15.81 ,15.76 ,15.87 ,13.56 ,2.81 ,12.26 ,-14.68 ,0.69 ,0.71 ,0.72 ,0.73 ,0.71 ,0.72 ,0.73 ,0.74 ,0.56 ,,100.00 ,0.00 ,0.00 ,0.00 ,101.30 ,102.00 ,102.00 
"2024-05-22",18:40,16.72 ,16.66 ,16.77 ,16.72 ,16.67 ,16.79 ,16.74 ,16.66 ,16.78 ,16.73 ,16.65 ,16.78 ,15.36 ,15.33 ,15.47 ,16.66 ,76.19 ,45.78 ,6.61 ,376.23 ,395.29 ,20.15 ,39.96 ,34.36 ,389.22 ,1.17 ,7623.20 ,0.00 ,-999.00 ,-999.00 ,101.02 ,0.20 ,0.20 ,3.34 ,4.99 ,255 ,2.54 ,4.67 ,256 ,0.40 ,18.62 ,18.59 ,18.64 ,16.94 ,16.93 ,16.95 ,16.10 ,16.08 ,16.11 ,-999.00 ,-999.00 ,-999.00 ,11.38 ,10.63 ,18.12 ,18.04 ,18.20 ,-999.00 ,-999.00 ,-999.00 ,-999.00 ,-999.00 ,-999.00 ,15.86 ,15.80 ,15.93 ,13.07 ,2.83 ,11.87 ,-16.05 ,0.69 ,0.71 ,0.72 ,0.73 ,0.71 ,0.72 ,0.73 ,0.74 ,0.56 ,,100.00 ,0.00 ,0.00 ,0.00 ,101.30 ,102.00 ,102.00 
"2024-05-22",18:50,16.86 ,16.71 ,16.97 ,16.86 ,16.70 ,16.92 ,16.84 ,16.74 ,16.91 ,16.85 ,16.72 ,16.92 ,16.02 ,15.60 ,16.19 ,16.84 ,76.70 ,97.84 ,28.05 ,353.51 ,397.25 ,26.06 ,60.44 ,255.92 ,375.49 ,10.00 ,7806.70 ,0.00 ,-999.00 ,-999.00 ,101.03 ,0.20 ,0.20 ,2.74 ,4.41 ,250 ,1.98 ,3.70 ,250 ,0.40 ,18.63 ,18.61 ,18.64 ,16.94 ,16.91 ,16.95 ,16.08 ,16.06 ,16.10 ,-999.00 ,-999.00 ,-999.00 ,11.39 ,10.65 ,18.05 ,18.04 ,18.07 ,-999.00 ,-999.00 ,-999.00 ,-999.00 ,-999.00 ,-999.00 ,15.83 ,15.77 ,15.87 ,12.55 ,2.85 ,11.45 ,-16.42 ,0.69 ,0.71 ,0.72 ,0.73 ,0.71 ,0.72 ,0.73 ,0.74 ,0.56 ,,100.00 ,0.00 ,0.00 ,0.00 ,101.30 ,102.00 ,102.00 
"2024-05-22",19:00,16.71 ,16.58 ,16.82 ,16.71 ,16.54 ,16.84 ,16.69 ,16.62 ,16.80 ,16.72 ,16.64 ,16.83 ,15.73 ,15.34 ,16.03 ,16.79 ,75.87 ,57.40 ,13.81 ,324.56 ,391.61 ,-23.46 ,31.19 ,207.39 ,356.23 ,10.00 ,7439.40 ,0.00 ,-999.00 ,-999.00 ,101.04 ,0.20 ,0.20 ,2.12 ,3.61 ,240 ,1.51 ,3.19 ,238 ,0.40 ,18.62 ,18.59 ,18.64 ,16.96 ,16.94 ,16.97 ,16.07 ,16.06 ,16.08 ,-999.00 ,-999.00 ,-999.00 ,11.40 ,10.65 ,17.90 ,17.76 ,18.02 ,-999.00 ,-999.00 ,-999.00 ,-999.00 ,-999.00 ,-999.00 ,15.81 ,15.77 ,15.85 ,12.00 ,2.86 ,11.00 ,-15.49 ,0.69 ,0.71 ,0.72 ,0.73 ,0.71 ,0.72 ,0.73 ,0.74 ,0.56 ,,100.00 ,0.00 ,0.00 ,0.00 ,101.30 ,102.00 ,102.00 
"2024-05-22",19:10,16.43 ,16.25 ,16.58 ,16.41 ,16.21 ,16.55 ,16.39 ,16.21 ,16.61 ,16.40 ,16.23 ,16.61 ,14.87 ,14.46 ,15.26 ,16.47 ,75.47 ,31.61 ,2.11 ,321.39 ,387.39 ,-36.38 ,21.17 ,97.56 ,354.85 ,2.50 ,6440.50 ,0.00 ,-999.00 ,-999.00 ,101.05 ,0.20 ,0.20 ,2.06 ,3.83 ,226 ,1.25 ,2.06 ,225 ,0.40 ,18.62 ,18.60 ,18.63 ,16.96 ,16.94 ,16.98 ,16.08 ,16.06 ,16.10 ,-999.00 ,-999.00 ,-999.00 ,11.40 ,10.66 ,17.61 ,17.49 ,17.75 ,-999.00 ,-999.00 ,-999.00 ,-999.00 ,-999.00 ,-999.00 ,15.82 ,15.77 ,15.87 ,11.43 ,2.86 ,10.54 ,-16.57 ,0.69 ,0.71 ,0.72 ,0.73 ,0.71 ,0.72 ,0.73 ,0.74 ,0.56 ,,100.00 ,0.00 ,0.00 ,0.00 ,101.30 ,102.00 ,102.00 
"2024-05-22",19:20,15.98 ,15.77 ,16.22 ,16.00 ,15.74 ,16.21 ,16.02 ,15.82 ,16.23 ,16.03 ,15.79 ,16.23 ,14.02 ,13.59 ,14.39 ,16.04 ,76.27 ,17.88 ,0.20 ,319.40 ,382.86 ,-42.68 ,12.63 ,34.85 ,360.58 ,0.00 ,6835.90 ,0.00 ,-999.00 ,-999.00 ,101.06 ,0.20 ,0.20 ,2.09 ,3.04 ,230 ,1.15 ,1.88 ,226 ,0.40 ,18.62 ,18.59 ,18.66 ,16.99 ,16.95 ,17.03 ,16.08 ,16.06 ,16.09 ,-999.00 ,-999.00 ,-999.00 ,11.40 ,10.66 ,17.34 ,17.24 ,17.45 ,-999.00 ,-999.00 ,-999.00 ,-999.00 ,-999.00 ,-999.00 ,15.81 ,15.77 ,15.85 ,10.86 ,2.86 ,10.07 ,-18.99 ,0.69 ,0.71 ,0.72 ,0.73 ,0.71 ,0.72 ,0.73 ,0.74 ,0.56 ,,100.00 ,0.00 ,0.00 ,0.00 ,101.30 ,102.00 ,102.00 
"2024-05-22",19:30,15.48 ,15.32 ,15.63 ,15.48 ,15.30 ,15.66 ,15.59 ,15.40 ,15.74 ,15.55 ,15.33 ,15.71 ,13.34 ,13.14 ,13.51 ,15.55 ,78.90 ,7.84 ,0.00 ,319.39 ,378.10 ,-44.17 ,5.76 ,0.00 ,353.96 ,0.00 ,6638.90 ,0.00 ,-999.00 ,-999.00 ,101.08 ,0.20 ,0.20 ,1.80 ,2.87 ,219 ,0.86 ,1.76 ,212 ,0.40 ,18.62 ,18.60 ,18.64 ,17.03 ,17.01 ,17.05 ,16.09 ,16.06 ,16.11 ,-999.00 ,-999.00 ,-999.00 ,11.37 ,10.65 ,17.10 ,17.01 ,17.21 ,-999.00 ,-999.00 ,-999.00 ,-999.00 ,-999.00 ,-999.00 ,15.79 ,15.76 ,15.84 ,10.29 ,2.84 ,9.61 ,-21.33 ,0.69 ,0.71 ,0.72 ,0.73 ,0.71 ,0.72 ,0.73 ,0.74 ,0.56 ,,100.00 ,0.00 ,0.00 ,0.00 ,101.30 ,102.00 ,102.00 
"2024-05-22",19:40,15.08 ,14.88 ,15.37 ,15.06 ,14.82 ,15.31 ,15.16 ,14.97 ,15.34 ,15.11 ,14.93 ,15.30 ,12.46 ,12.10 ,13.06 ,15.13 ,80.66 ,2.74 ,0.00 ,318.94 ,375.19 ,-45.40 ,1.43 ,0.00 ,350.98 ,0.00 ,6188.80 ,0.00 ,-999.00 ,-999.00 ,101.09 ,0.20 ,0.20 ,1.87 ,2.26 ,203 ,1.06 ,1.33 ,188 ,0.40 ,18.59 ,18.57 ,18.61 ,17.02 ,16.99 ,17.04 ,16.10 ,16.08 ,16.12 ,-999.00 ,-999.00 ,-999.00 ,11.37 ,10.63 ,16.89 ,16.78 ,17.00 ,-999.00 ,-999.00 ,-999.00 ,-999.00 ,-999.00 ,-999.00 ,15.79 ,15.76 ,15.84 ,9.71 ,2.82 ,9.14 ,-23.25 ,0.69 ,0.71 ,0.72 ,0.73 ,0.71 ,0.72 ,0.73 ,0.74 ,0.56 ,,100.00 ,0.00 ,0.00 ,0.00 ,101.30 ,102.00 ,102.00 
"2024-05-22",19:50,14.73 ,14.55 ,14.90 ,14.74 ,14.59 ,14.88 ,14.79 ,14.57 ,14.99 ,14.78 ,14.59 ,14.95 ,11.96 ,11.82 ,12.12 ,14.69 ,83.64 ,0.58 ,0.00 ,316.79 ,372.59 ,-46.44 ,0.00 ,0.00 ,348.43 ,0.00 ,6965.80 ,0.00 ,-999.00 ,-999.00 ,101.09 ,0.20 ,0.20 ,1.93 ,2.31 ,190 ,0.87 ,1.26 ,156 ,0.40 ,18.59 ,18.58 ,18.61 ,17.03 ,17.00 ,17.05 ,16.09 ,16.07 ,16.11 ,-999.00 ,-999.00 ,-999.00 ,11.38 ,10.65 ,16.59 ,16.49 ,16.74 ,-999.00 ,-999.00 ,-999.00 ,-999.00 ,-999.00 ,-999.00 ,15.80 ,15.74 ,15.83 ,9.14 ,2.80 ,8.68 ,-24.96 ,0.69 ,0.71 ,0.72 ,0.73 ,0.71 ,0.72 ,0.73 ,0.74 ,0.56 ,,100.00 ,0.00 ,0.00 ,0.00 ,101.30 ,102.00 ,102.00 
"2024-05-22",20:00,14.40 ,14.29 ,14.53 ,14.42 ,14.35 ,14.54 ,14.41 ,14.30 ,14.56 ,14.42 ,14.31 ,14.55 ,11.79 ,11.58 ,12.16 ,14.35 ,86.15 ,0.00 ,0.00 ,315.63 ,370.61 ,-46.59 ,0.00 ,0.00 ,347.43 ,0.00 ,6955.80 ,0.00 ,-999.00 ,-999.00 ,101.10 ,0.20 ,0.20 ,1.70 ,2.14 ,192 ,0.78 ,1.06 ,156 ,0.40 ,18.56 ,18.54 ,18.58 ,17.05 ,17.03 ,17.07 ,16.11 ,16.09 ,16.13 ,-999.00 ,-999.00 ,-999.00 ,11.37 ,10.64 ,16.37 ,16.29 ,16.46 ,-999.00 ,-999.00 ,-999.00 ,-999.00 ,-999.00 ,-999.00 ,15.81 ,15.78 ,15.85 ,8.55 ,2.77 ,8.20 ,-26.65 ,0.69 ,0.71 ,0.72 ,0.73 ,0.71 ,0.72 ,0.73 ,0.74 ,0.56 ,,100.00 ,0.00 ,0.00 ,0.00 ,101.30 ,102.00 ,102.00 
"2024-05-22",20:10,14.22 ,13.97 ,14.34 ,14.21 ,13.98 ,14.33 ,14.22 ,13.98 ,14.34 ,14.20 ,13.98 ,14.33 ,11.44 ,11.36 ,11.56 ,14.15 ,86.78 ,0.00 ,0.00 ,315.70 ,369.43 ,-46.04 ,0.00 ,0.00 ,346.32 ,0.00 ,7192.40 ,0.00 ,-999.00 ,-999.00 ,101.11 ,0.20 ,0.20 ,2.10 ,2.43 ,174 ,1.04 ,1.29 ,148 ,0.40 ,18.54 ,18.53 ,18.57 ,17.04 ,17.02 ,17.07 ,16.08 ,16.07 ,16.09 ,-999.00 ,-999.00 ,-999.00 ,11.39 ,10.65 ,16.13 ,16.02 ,16.25 ,-999.00 ,-999.00 ,-999.00 ,-999.00 ,-999.00 ,-999.00 ,15.79 ,15.73 ,15.83 ,7.95 ,2.73 ,7.71 ,-28.03 ,0.69 ,0.71 ,0.72 ,0.73 ,0.71 ,0.72 ,0.73 ,0.74 ,0.56 ,,100.00 ,0.00 ,0.00 ,0.00 ,101.30 ,102.00 ,102.00 
"2024-05-22",20:20,13.70 ,13.47 ,13.94 ,13.72 ,13.50 ,13.92 ,13.71 ,13.49 ,13.94 ,13.73 ,13.50 ,13.96 ,11.19 ,11.08 ,11.38 ,13.65 ,88.85 ,0.00 ,0.00 ,315.40 ,370.05 ,-47.26 ,0.00 ,0.00 ,345.17 ,0.00 ,7922.40 ,0.00 ,-999.00 ,-999.00 ,101.12 ,0.20 ,0.20 ,2.53 ,3.01 ,167 ,1.13 ,1.63 ,155 ,0.40 ,18.53 ,18.50 ,18.56 ,17.07 ,17.06 ,17.08 ,16.11 ,16.07 ,16.12 ,-999.00 ,-999.00 ,-999.00 ,11.38 ,10.64 ,15.90 ,15.81 ,16.00 ,-999.00 ,-999.00 ,-999.00 ,-999.00 ,-999.00 ,-999.00 ,15.80 ,15.74 ,15.83 ,7.34 ,2.69 ,7.21 ,-29.25 ,0.69 ,0.71 ,0.72 ,0.73 ,0.71 ,0.72 ,0.73 ,0.74 ,0.56 ,,100.00 ,0.00 ,0.00 ,0.00 ,101.30 ,102.00 ,102.00 
"2024-05-22",20:30,13.49 ,13.44 ,13.56 ,13.53 ,13.47 ,13.60 ,13.54 ,13.45 ,13.65 ,13.56 ,13.45 ,13.66 ,11.06 ,11.00 ,11.10 ,13.49 ,88.88 ,0.00 ,0.00 ,314.87 ,370.01 ,-48.09 ,0.00 ,0.00 ,343.91 ,0.00 ,7705.10 ,0.00 ,-999.00 ,-999.00 ,101.14 ,0.20 ,0.20 ,2.82 ,3.23 ,167 ,1.17 ,1.65 ,155 ,0.40 ,18.49 ,18.47 ,18.50 ,17.07 ,17.05 ,17.09 ,16.10 ,16.09 ,16.12 ,-999.00 ,-999.00 ,-999.00 ,11.37 ,10.63 ,15.70 ,15.61 ,15.77 ,-999.00 ,-999.00 ,-999.00 ,-999.00 ,-999.00 ,-999.00 ,15.81 ,15.77 ,15.87 ,6.71 ,2.64 ,6.69 ,-30.42 ,0.69 ,0.71 ,0.72 ,0.73 ,0.71 ,0.72 ,0.73 ,0.74 ,0.56 ,,100.00 ,0.00 ,0.00 ,0.00 ,101.30 ,102.00 ,102.00 
"2024-05-22",20:40,13.50 ,13.36 ,13.66 ,13.49 ,13.35 ,13.62 ,13.57 ,13.45 ,13.69 ,13.58 ,13.43 ,13.72 ,10.94 ,10.87 ,11.01 ,13.53 ,89.06 ,0.00 ,0.00 ,315.28 ,369.53 ,-47.47 ,0.00 ,0.00 ,343.59 ,0.00 ,7702.80 ,0.00 ,-999.00 ,-999.00 ,101.15 ,0.20 ,0.20 ,2.63 ,3.41 ,165 ,0.90 ,1.56 ,171 ,0.40 ,18.49 ,18.48 ,18.51 ,17.10 ,17.08 ,17.11 ,16.12 ,16.10 ,16.13 ,-999.00 ,-999.00 ,-999.00 ,11.39 ,10.64 ,15.48 ,15.40 ,15.56 ,-999.00 ,-999.00 ,-999.00 ,-999.00 ,-999.00 ,-999.00 ,15.78 ,15.74 ,15.81 ,6.08 ,2.59 ,6.16 ,-31.46 ,0.69 ,0.71 ,0.72 ,0.73 ,0.71 ,0.72 ,0.73 ,0.74 ,0.56 ,,100.00 ,0.00 ,0.00 ,0.00 ,101.30 ,102.00 ,102.00 
"2024-05-22",20:50,13.34 ,13.25 ,13.44 ,13.34 ,13.24 ,13.43 ,13.38 ,13.27 ,13.46 ,13.37 ,13.26 ,13.44 ,10.98 ,10.87 ,11.11 ,13.35 ,89.70 ,0.00 ,0.00 ,329.55 ,370.06 ,-33.44 ,0.00 ,0.00 ,351.81 ,0.00 ,7814.90 ,0.00 ,-999.00 ,-999.00 ,101.15 ,0.20 ,0.20 ,2.42 ,3.28 ,180 ,0.97 ,1.68 ,177 ,0.40 ,18.45 ,18.43 ,18.47 ,17.11 ,17.09 ,17.13 ,16.14 ,16.12 ,16.16 ,-999.00 ,-999.00 ,-999.00 ,11.38 ,10.64 ,15.34 ,15.30 ,15.39 ,-999.00 ,-999.00 ,-999.00 ,-999.00 ,-999.00 ,-999.00 ,15.78 ,15.74 ,15.83 ,5.43 ,2.52 ,5.61 ,-32.24 ,0.69 ,0.71 ,0.72 ,0.73 ,0.71 ,0.72 ,0.73 ,0.74 ,0.56 ,,100.00 ,0.00 ,0.00 ,0.00 ,101.30 ,101.90 ,101.90 
"2024-05-22",21:00,13.57 ,13.39 ,13.73 ,13.63 ,13.40 ,13.84 ,13.53 ,13.40 ,13.81 ,13.56 ,13.41 ,13.85 ,11.54 ,11.20 ,12.01 ,13.60 ,87.19 ,0.00 ,0.00 ,339.97 ,375.17 ,-28.83 ,0.00 ,0.00 ,357.74 ,0.00 ,7875.40 ,0.00 ,-999.00 ,-999.00 ,101.15 ,0.20 ,0.20 ,3.03 ,3.66 ,209 ,1.55 ,2.35 ,200 ,0.40 ,18.41 ,18.36 ,18.43 ,17.10 ,17.08 ,17.11 ,16.12 ,16.10 ,16.13 ,-999.00 ,-999.00 ,-999.00 ,11.37 ,10.64 ,15.27 ,15.23 ,15.30 ,-999.00 ,-999.00 ,-999.00 ,-999.00 ,-999.00 ,-999.00 ,15.81 ,15.77 ,15.85 ,4.78 ,2.44 ,5.06 ,-32.41 ,0.69 ,0.71 ,0.72 ,0.73 ,0.71 ,0.72 ,0.73 ,0.74 ,0.56 ,,100.00 ,0.00 ,0.00 ,0.00 ,101.30 ,101.90 ,101.90 
"2024-05-22",21:10,14.39 ,13.90 ,14.81 ,14.45 ,13.92 ,14.84 ,14.40 ,13.90 ,14.87 ,14.46 ,13.96 ,14.91 ,12.48 ,12.11 ,12.78 ,14.41 ,83.00 ,0.00 ,0.00 ,364.03 ,381.65 ,-11.91 ,0.00 ,0.00 ,373.03 ,0.00 ,7836.70 ,0.00 ,-999.00 ,-999.00 ,101.15 ,0.20 ,0.20 ,3.14 ,4.36 ,215 ,1.92 ,2.88 ,209 ,0.40 ,18.37 ,18.36 ,18.40 ,17.10 ,17.07 ,17.12 ,16.12 ,16.11 ,16.14 ,-999.00 ,-999.00 ,-999.00 ,11.38 ,10.63 ,15.26 ,15.24 ,15.27 ,-999.00 ,-999.00 ,-999.00 ,-999.00 ,-999.00 ,-999.00 ,15.82 ,15.76 ,15.87 ,4.13 ,2.36 ,4.51 ,-31.99 ,0.69 ,0.71 ,0.72 ,0.73 ,0.71 ,0.72 ,0.73 ,0.74 ,0.56 ,,100.00 ,0.00 ,0.00 ,0.00 ,101.30 ,101.90 ,101.90 
"2024-05-22",21:20,14.64 ,14.43 ,14.82 ,14.64 ,14.45 ,14.78 ,14.72 ,14.52 ,14.91 ,14.70 ,14.50 ,14.93 ,12.55 ,12.25 ,12.81 ,14.69 ,81.80 ,0.00 ,0.00 ,328.14 ,379.17 ,-45.41 ,0.00 ,0.00 ,352.20 ,0.00 ,7797.10 ,0.00 ,-999.00 ,-999.00 ,101.16 ,0.20 ,0.20 ,2.88 ,4.40 ,198 ,1.57 ,2.70 ,200 ,0.40 ,18.34 ,18.32 ,18.36 ,17.11 ,17.10 ,17.12 ,16.12 ,16.11 ,16.14 ,-999.00 ,-999.00 ,-999.00 ,11.39 ,10.63 ,15.24 ,15.18 ,15.29 ,-999.00 ,-999.00 ,-999.00 ,-999.00 ,-999.00 ,-999.00 ,15.83 ,15.79 ,15.89 ,3.48 ,2.26 ,3.96 ,-30.63 ,0.69 ,0.71 ,0.72 ,0.73 ,0.71 ,0.72 ,0.73 ,0.74 ,0.56 ,,100.00 ,0.00 ,0.00 ,0.00 ,101.30 ,101.90 ,101.90 
"2024-05-22",21:30,14.13 ,13.92 ,14.34 ,14.12 ,13.90 ,14.32 ,14.22 ,14.04 ,14.45 ,14.19 ,14.00 ,14.41 ,11.93 ,11.67 ,12.21 ,14.20 ,83.58 ,0.00 ,0.00 ,315.41 ,374.29 ,-52.85 ,0.00 ,0.00 ,343.77 ,0.00 ,7907.90 ,0.00 ,-999.00 ,-999.00 ,101.16 ,0.20 ,0.20 ,2.66 ,4.41 ,208 ,1.40 ,3.28 ,203 ,0.40 ,18.31 ,18.29 ,18.33 ,17.11 ,17.09 ,17.13 ,16.13 ,16.11 ,16.15 ,-999.00 ,-999.00 ,-999.00 ,11.38 ,10.64 ,15.06 ,14.96 ,15.17 ,-999.00 ,-999.00 ,-999.00 ,-999.00 ,-999.00 ,-999.00 ,15.81 ,15.77 ,15.86 ,2.85 ,2.15 ,3.41 ,-30.06 ,0.69 ,0.71 ,0.72 ,0.73 ,0.71 ,0.72 ,0.73 ,0.74 ,0.56 ,,100.00 ,0.00 ,0.00 ,0.00 ,101.30 ,101.90 ,101.90 
"2024-05-22",21:40,13.77 ,13.68 ,13.89 ,13.75 ,13.68 ,13.86 ,13.86 ,13.75 ,14.01 ,13.83 ,13.73 ,13.98 ,11.35 ,11.21 ,11.57 ,13.85 ,83.66 ,0.00 ,0.00 ,315.21 ,371.05 ,-49.46 ,0.00 ,0.00 ,343.69 ,0.00 ,7945.50 ,0.00 ,-999.00 ,-999.00 ,101.17 ,0.20 ,0.20 ,2.69 ,3.39 ,210 ,1.32 ,1.84 ,199 ,0.40 ,18.26 ,18.24 ,18.29 ,17.11 ,17.09 ,17.13 ,16.13 ,16.11 ,16.16 ,-999.00 ,-999.00 ,-999.00 ,11.39 ,10.63 ,14.88 ,14.80 ,14.96 ,-999.00 ,-999.00 ,-999.00 ,-999.00 ,-999.00 ,-999.00 ,15.82 ,15.74 ,15.87 ,2.23 ,2.04 ,2.88 ,-30.83 ,0.69 ,0.71 ,0.72 ,0.73 ,0.71 ,0.72 ,0.73 ,0.74 ,0.56 ,,100.00 ,0.00 ,0.00 ,0.00 ,101.30 ,101.90 ,101.90 
"2024-05-22",21:50,13.54 ,13.50 ,13.59 ,13.53 ,13.48 ,13.61 ,13.67 ,13.61 ,13.71 ,13.66 ,13.61 ,13.72 ,11.29 ,11.22 ,11.35 ,13.65 ,83.41 ,0.00 ,0.00 ,313.33 ,372.38 ,-52.91 ,0.00 ,0.00 ,341.69 ,0.00 ,7742.30 ,0.00 ,-999.00 ,-999.00 ,101.18 ,0.20 ,0.20 ,3.27 ,4.10 ,205 ,1.55 ,2.21 ,198 ,0.40 ,18.22 ,18.19 ,18.25 ,17.11 ,17.09 ,17.13 ,16.13 ,16.11 ,16.15 ,-999.00 ,-999.00 ,-999.00 ,11.41 ,10.65 ,14.68 ,14.59 ,14.78 ,-999.00 ,-999.00 ,-999.00 ,-999.00 ,-999.00 ,-999.00 ,15.83 ,15.79 ,15.87 ,1.66 ,1.92 ,2.38 ,-31.80 ,0.69 ,0.71 ,0.72 ,0.73 ,0.71 ,0.72 ,0.73 ,0.74 ,0.56 ,,100.00 ,0.00 ,0.00 ,0.00 ,101.30 ,101.90 ,101.90 
"2024-05-22",22:00,13.57 ,13.46 ,13.73 ,13.57 ,13.47 ,13.80 ,13.64 ,13.53 ,13.77 ,13.63 ,13.49 ,13.79 ,11.26 ,11.22 ,11.41 ,13.63 ,83.48 ,0.00 ,0.00 ,310.85 ,372.10 ,-55.27 ,0.00 ,0.00 ,340.07 ,0.00 ,7602.20 ,0.00 ,-999.00 ,-999.00 ,101.18 ,0.20 ,0.20 ,3.08 ,4.97 ,201 ,1.52 ,3.38 ,196 ,0.40 ,18.18 ,18.15 ,18.20 ,17.14 ,17.12 ,17.16 ,16.13 ,16.11 ,16.16 ,-999.00 ,-999.00 ,-999.00 ,11.41 ,10.66 ,14.48 ,14.41 ,14.56 ,-999.00 ,-999.00 ,-999.00 ,-999.00 ,-999.00 ,-999.00 ,15.81 ,15.77 ,15.84 ,1.11 ,1.79 ,1.90 ,-32.77 ,0.69 ,0.71 ,0.72 ,0.73 ,0.71 ,0.72 ,0.73 ,0.74 ,0.56 ,,100.00 ,0.00 ,0.00 ,0.00 ,101.30 ,101.90 ,101.90 
"2024-05-22",22:10,13.42 ,13.15 ,13.67 ,13.41 ,13.16 ,13.68 ,13.49 ,13.27 ,13.74 ,13.46 ,13.23 ,13.76 ,11.15 ,10.88 ,11.42 ,13.46 ,84.17 ,0.00 ,0.00 ,310.48 ,370.03 ,-53.52 ,0.00 ,0.00 ,339.18 ,0.00 ,7744.00 ,0.00 ,-999.00 ,-999.00 ,101.18 ,0.20 ,0.20 ,2.56 ,3.55 ,199 ,1.21 ,1.84 ,193 ,0.40 ,18.13 ,18.09 ,18.16 ,17.14 ,17.12 ,17.18 ,16.14 ,16.11 ,16.15 ,-999.00 ,-999.00 ,-999.00 ,11.41 ,10.66 ,14.32 ,14.26 ,14.40 ,-999.00 ,-999.00 ,-999.00 ,-999.00 ,-999.00 ,-999.00 ,15.78 ,15.73 ,15.82 ,0.60 ,1.67 ,1.45 ,-33.66 ,0.69 ,0.71 ,0.72 ,0.73 ,0.71 ,0.72 ,0.73 ,0.74 ,0.56 ,,100.00 ,0.00 ,0.00 ,0.00 ,101.30 ,101.90 ,101.90 
"2024-05-22",22:20,12.97 ,12.82 ,13.10 ,12.97 ,12.83 ,13.10 ,13.04 ,12.90 ,13.17 ,13.00 ,12.88 ,13.14 ,10.75 ,10.47 ,10.89 ,12.98 ,85.94 ,0.00 ,0.00 ,309.30 ,367.52 ,-51.80 ,0.00 ,0.00 ,338.43 ,0.00 ,7770.80 ,0.00 ,-999.00 ,-999.00 ,101.18 ,0.20 ,0.20 ,2.51 ,3.03 ,201 ,1.12 ,1.66 ,186 ,0.40 ,18.10 ,18.09 ,18.11 ,17.13 ,17.11 ,17.15 ,16.14 ,16.12 ,16.16 ,-999.00 ,-999.00 ,-999.00 ,11.39 ,10.66 ,14.16 ,14.09 ,14.23 ,-999.00 ,-999.00 ,-999.00 ,-999.00 ,-999.00 ,-999.00 ,15.79 ,15.75 ,15.84 ,0.11 ,1.54 ,1.01 ,-34.31 ,0.69 ,0.71 ,0.72 ,0.73 ,0.71 ,0.72 ,0.73 ,0.74 ,0.56 ,,100.00 ,0.00 ,0.00 ,0.00 ,101.30 ,101.90 ,101.90 
"2024-05-22",22:30,12.50 ,12.31 ,12.71 ,12.52 ,12.29 ,12.74 ,12.62 ,12.40 ,12.84 ,12.58 ,12.35 ,12.82 ,10.24 ,10.09 ,10.41 ,12.54 ,87.94 ,0.00 ,0.00 ,307.93 ,365.85 ,-51.17 ,0.00 ,0.00 ,337.15 ,0.00 ,7704.20 ,0.00 ,-999.00 ,-999.00 ,101.19 ,0.20 ,0.20 ,2.83 ,3.39 ,196 ,1.25 ,1.91 ,185 ,0.40 ,18.06 ,18.04 ,18.10 ,17.14 ,17.12 ,17.16 ,16.14 ,16.13 ,16.15 ,-999.00 ,-999.00 ,-999.00 ,11.40 ,10.64 ,14.00 ,13.92 ,14.09 ,-999.00 ,-999.00 ,-999.00 ,-999.00 ,-999.00 ,-999.00 ,15.78 ,15.74 ,15.82 ,-0.36 ,1.42 ,0.59 ,-34.83 ,0.69 ,0.71 ,0.72 ,0.73 ,0.71 ,0.72 ,0.73 ,0.74 ,0.56 ,,100.00 ,0.00 ,0.00 ,0.00 ,101.30 ,101.90 ,101.90 
"2024-05-22",22:40,12.15 ,12.09 ,12.23 ,12.16 ,12.07 ,12.22 ,12.25 ,12.19 ,12.35 ,12.21 ,12.14 ,12.29 ,10.06 ,10.03 ,10.10 ,12.18 ,89.83 ,0.00 ,0.00 ,307.31 ,365.36 ,-51.42 ,0.00 ,0.00 ,336.00 ,0.00 ,7775.60 ,0.00 ,-999.00 ,-999.00 ,101.19 ,0.20 ,0.20 ,3.22 ,3.76 ,194 ,1.38 ,1.83 ,182 ,0.40 ,18.01 ,18.00 ,18.04 ,17.14 ,17.12 ,17.15 ,16.15 ,16.14 ,16.17 ,-999.00 ,-999.00 ,-999.00 ,11.39 ,10.65 ,13.85 ,13.78 ,13.91 ,-999.00 ,-999.00 ,-999.00 ,-999.00 ,-999.00 ,-999.00 ,15.76 ,15.69 ,15.81 ,-0.83 ,1.30 ,0.17 ,-35.36 ,0.69 ,0.71 ,0.72 ,0.73 ,0.71 ,0.72 ,0.73 ,0.74 ,0.56 ,,100.00 ,0.00 ,0.00 ,0.00 ,101.30 ,101.90 ,101.90 
"2024-05-22",22:50,12.05 ,11.97 ,12.16 ,12.06 ,11.98 ,12.15 ,12.13 ,12.07 ,12.18 ,12.11 ,12.04 ,12.16 ,10.16 ,10.11 ,10.21 ,12.06 ,90.87 ,0.00 ,0.00 ,306.16 ,365.13 ,-52.65 ,0.00 ,0.00 ,335.09 ,0.00 ,7679.00 ,0.00 ,-999.00 ,-999.00 ,101.20 ,0.20 ,0.20 ,3.22 ,3.62 ,192 ,1.38 ,1.78 ,182 ,0.40 ,17.98 ,17.96 ,18.01 ,17.13 ,17.12 ,17.15 ,16.16 ,16.13 ,16.18 ,-999.00 ,-999.00 ,-999.00 ,11.39 ,10.65 ,13.68 ,13.61 ,13.77 ,-999.00 ,-999.00 ,-999.00 ,-999.00 ,-999.00 ,-999.00 ,15.77 ,15.72 ,15.84 ,-1.30 ,1.18 ,-0.24 ,-35.92 ,0.69 ,0.71 ,0.72 ,0.73 ,0.71 ,0.72 ,0.73 ,0.74 ,0.56 ,,100.00 ,0.00 ,0.00 ,0.00 ,101.30 ,101.90 ,101.90 
"2024-05-22",23:00,11.94 ,11.90 ,11.98 ,11.94 ,11.91 ,11.99 ,12.01 ,11.98 ,12.07 ,11.99 ,11.97 ,12.03 ,10.15 ,10.07 ,10.18 ,11.98 ,91.18 ,0.00 ,0.00 ,305.75 ,365.44 ,-53.60 ,0.00 ,0.00 ,334.20 ,0.00 ,7839.60 ,0.00 ,-999.00 ,-999.00 ,101.20 ,0.20 ,0.20 ,3.34 ,4.16 ,194 ,1.44 ,2.10 ,187 ,0.40 ,17.96 ,17.93 ,17.98 ,17.15 ,17.14 ,17.17 ,16.16 ,16.15 ,16.19 ,-999.00 ,-999.00 ,-999.00 ,11.38 ,10.63 ,13.53 ,13.48 ,13.60 ,-999.00 ,-999.00 ,-999.00 ,-999.00 ,-999.00 ,-999.00 ,15.78 ,15.75 ,15.83 ,-1.77 ,1.07 ,-0.65 ,-36.44 ,0.69 ,0.71 ,0.72 ,0.73 ,0.71 ,0.72 ,0.73 ,0.74 ,0.56 ,,100.00 ,0.00 ,0.00 ,0.00 ,101.30 ,101.90 ,101.90 
"2024-05-22",23:10,12.06 ,11.96 ,12.16 ,12.09 ,11.99 ,12.21 ,12.11 ,12.07 ,12.17 ,12.12 ,12.03 ,12.19 ,10.35 ,10.23 ,10.48 ,12.12 ,90.27 ,0.00 ,0.00 ,306.01 ,366.90 ,-55.23 ,0.00 ,0.00 ,334.02 ,0.00 ,7813.70 ,0.00 ,-999.00 ,-999.00 ,101.20 ,0.20 ,0.20 ,3.43 ,4.31 ,197 ,1.55 ,2.34 ,191 ,0.40 ,17.90 ,17.86 ,17.93 ,17.14 ,17.13 ,17.17 ,16.17 ,16.16 ,16.19 ,-999.00 ,-999.00 ,-999.00 ,11.39 ,10.64 ,13.42 ,13.36 ,13.47 ,-999.00 ,-999.00 ,-999.00 ,-999.00 ,-999.00 ,-999.00 ,15.79 ,15.76 ,15.84 ,-2.22 ,0.95 ,-1.06 ,-36.83 ,0.69 ,0.71 ,0.72 ,0.73 ,0.71 ,0.72 ,0.73 ,0.74 ,0.56 ,,100.00 ,0.00 ,0.00 ,0.00 ,101.30 ,101.90 ,101.90 
"2024-05-22",23:20,12.30 ,12.14 ,12.38 ,12.34 ,12.18 ,12.46 ,12.36 ,12.22 ,12.43 ,12.37 ,12.22 ,12.45 ,10.58 ,10.48 ,10.71 ,12.38 ,88.62 ,0.00 ,0.00 ,306.30 ,368.93 ,-57.40 ,0.00 ,0.00 ,334.02 ,0.00 ,7550.00 ,0.00 ,-999.00 ,-999.00 ,101.19 ,0.20 ,0.20 ,3.33 ,4.22 ,199 ,1.71 ,2.53 ,194 ,0.40 ,17.85 ,17.83 ,17.88 ,17.14 ,17.13 ,17.15 ,16.18 ,16.16 ,16.20 ,-999.00 ,-999.00 ,-999.00 ,11.39 ,10.65 ,13.29 ,13.24 ,13.33 ,-999.00 ,-999.00 ,-999.00 ,-999.00 ,-999.00 ,-999.00 ,15.78 ,15.68 ,15.83 ,-2.67 ,0.84 ,-1.46 ,-37.06 ,0.69 ,0.71 ,0.72 ,0.73 ,0.71 ,0.72 ,0.73 ,0.74 ,0.56 ,,100.00 ,0.00 ,0.00 ,0.00 ,101.30 ,101.90 ,101.90 
"2024-05-22",23:30,12.32 ,12.17 ,12.53 ,12.36 ,12.23 ,12.60 ,12.42 ,12.31 ,12.63 ,12.43 ,12.31 ,12.66 ,10.72 ,10.64 ,10.94 ,12.40 ,87.96 ,0.00 ,0.00 ,306.70 ,369.40 ,-57.35 ,0.00 ,0.00 ,334.07 ,0.00 ,7782.20 ,0.00 ,-999.00 ,-999.00 ,101.19 ,0.20 ,0.20 ,3.75 ,5.31 ,197 ,2.12 ,3.75 ,192 ,0.40 ,17.80 ,17.77 ,17.84 ,17.14 ,17.10 ,17.16 ,16.18 ,16.16 ,16.21 ,-999.00 ,-999.00 ,-999.00 ,11.40 ,10.65 ,13.18 ,13.12 ,13.25 ,-999.00 ,-999.00 ,-999.00 ,-999.00 ,-999.00 ,-999.00 ,15.79 ,15.71 ,15.86 ,-3.11 ,0.73 ,-1.86 ,-37.14 ,0.68 ,0.71 ,0.72 ,0.73 ,0.71 ,0.72 ,0.73 ,0.74 ,0.56 ,,100.00 ,0.00 ,0.00 ,0.00 ,101.30 ,101.90 ,101.90 
"2024-05-22",23:40,12.72 ,12.57 ,12.89 ,12.75 ,12.60 ,12.94 ,12.79 ,12.66 ,12.94 ,12.82 ,12.70 ,12.97 ,11.02 ,10.95 ,11.11 ,12.78 ,86.12 ,0.00 ,0.00 ,307.10 ,371.19 ,-59.06 ,0.00 ,0.00 ,334.21 ,0.00 ,7970.00 ,0.00 ,-999.00 ,-999.00 ,101.19 ,0.20 ,0.20 ,3.90 ,5.24 ,201 ,2.46 ,3.61 ,200 ,0.40 ,17.76 ,17.74 ,17.79 ,17.14 ,17.13 ,17.15 ,16.18 ,16.15 ,16.21 ,-999.00 ,-999.00 ,-999.00 ,11.39 ,10.65 ,13.08 ,13.03 ,13.12 ,-999.00 ,-999.00 ,-999.00 ,-999.00 ,-999.00 ,-999.00 ,15.78 ,15.73 ,15.84 ,-3.55 ,0.61 ,-2.25 ,-37.16 ,0.68 ,0.71 ,0.72 ,0.73 ,0.71 ,0.72 ,0.73 ,0.74 ,0.56 ,,100.00 ,0.00 ,0.00 ,0.00 ,101.30 ,101.90 ,101.90 
"2024-05-22",23:50,12.91 ,12.81 ,12.97 ,12.91 ,12.86 ,12.99 ,13.03 ,12.96 ,13.10 ,13.04 ,12.94 ,13.10 ,11.16 ,11.12 ,11.20 ,12.98 ,84.64 ,0.00 ,0.00 ,306.89 ,371.55 ,-59.67 ,0.00 ,0.00 ,334.08 ,0.00 ,7968.30 ,0.00 ,-999.00 ,-999.00 ,101.19 ,0.20 ,0.20 ,3.85 ,5.64 ,203 ,2.46 ,4.22 ,199 ,0.40 ,17.72 ,17.68 ,17.74 ,17.14 ,17.11 ,17.17 ,16.19 ,16.17 ,16.20 ,-999.00 ,-999.00 ,-999.00 ,11.39 ,10.66 ,12.99 ,12.93 ,13.04 ,-999.00 ,-999.00 ,-999.00 ,-999.00 ,-999.00 ,-999.00 ,15.81 ,15.74 ,15.85 ,-3.98 ,0.50 ,-2.64 ,-37.07 ,0.68 ,0.71 ,0.72 ,0.73 ,0.71 ,0.72 ,0.73 ,0.74 ,0.56 ,,100.00 ,0.00 ,0.00 ,0.00 ,101.30 ,101.90 ,101.90 
"2024-05-23",00:00,12.76 ,12.61 ,12.86 ,12.75 ,12.61 ,12.92 ,12.88 ,12.72 ,13.03 ,12.86 ,12.67 ,13.01 ,11.03 ,10.97 ,11.11 ,12.82 ,85.05 ,0.00 ,0.00 ,305.51 ,370.68 ,-60.00 ,0.00 ,0.00 ,333.41 ,0.00 ,7924.40 ,0.00 ,-999.00 ,-999.00 ,101.20 ,0.20 ,0.20 ,3.95 ,5.16 ,198 ,2.36 ,3.81 ,196 ,0.40 ,17.67 ,17.65 ,17.71 ,17.12 ,17.09 ,17.14 ,16.20 ,16.17 ,16.22 ,-999.00 ,-999.00 ,-999.00 ,11.39 ,10.66 ,12.90 ,12.85 ,12.95 ,-999.00 ,-999.00 ,-999.00 ,-999.00 ,-999.00 ,-999.00 ,15.79 ,15.73 ,15.83 ,-4.40 ,0.39 ,-3.02 ,-36.91 ,0.68 ,0.71 ,0.72 ,0.73 ,0.71 ,0.72 ,0.73 ,0.74 ,0.56 ,,100.00 ,0.00 ,0.00 ,0.00 ,101.30 ,101.90 ,101.90 
"2024-05-23",00:10,12.76 ,12.61 ,12.87 ,12.75 ,12.59 ,12.89 ,12.86 ,12.70 ,12.96 ,12.86 ,12.66 ,12.98 ,11.05 ,10.91 ,11.16 ,12.81 ,85.06 ,0.00 ,0.00 ,304.56 ,371.23 ,-61.50 ,0.00 ,0.00 ,332.79 ,0.00 ,7932.80 ,0.00 ,-999.00 ,-999.00 ,101.20 ,0.20 ,0.20 ,4.17 ,6.24 ,203 ,2.65 ,5.11 ,201 ,0.40 ,17.62 ,17.59 ,17.65 ,17.13 ,17.11 ,17.14 ,16.20 ,16.18 ,16.23 ,-999.00 ,-999.00 ,-999.00 ,11.39 ,10.65 ,12.80 ,12.76 ,12.84 ,-999.00 ,-999.00 ,-999.00 ,-999.00 ,-999.00 ,-999.00 ,15.78 ,15.72 ,15.88 ,-4.81 ,0.27 ,-3.39 ,-36.82 ,0.68 ,0.71 ,0.72 ,0.73 ,0.71 ,0.72 ,0.73 ,0.74 ,0.56 ,,100.00 ,0.00 ,0.00 ,0.00 ,101.30 ,101.90 ,101.90 
"2024-05-23",00:20,12.87 ,12.82 ,12.96 ,12.89 ,12.81 ,12.99 ,12.98 ,12.94 ,13.03 ,12.98 ,12.93 ,13.04 ,11.18 ,11.10 ,11.23 ,12.93 ,84.34 ,0.00 ,0.00 ,304.77 ,371.20 ,-61.36 ,0.00 ,0.00 ,332.51 ,0.00 ,7919.80 ,0.00 ,-999.00 ,-999.00 ,101.21 ,0.20 ,0.20 ,4.03 ,5.42 ,206 ,2.76 ,4.55 ,204 ,0.40 ,17.58 ,17.56 ,17.61 ,17.12 ,17.10 ,17.15 ,16.21 ,16.19 ,16.22 ,-999.00 ,-999.00 ,-999.00 ,11.40 ,10.65 ,12.71 ,12.66 ,12.77 ,-999.00 ,-999.00 ,-999.00 ,-999.00 ,-999.00 ,-999.00 ,15.81 ,15.77 ,15.86 ,-5.20 ,0.16 ,-3.75 ,-36.77 ,0.68 ,0.70 ,0.72 ,0.73 ,0.71 ,0.72 ,0.73 ,0.74 ,0.56 ,,100.00 ,0.00 ,0.00 ,0.00 ,101.30 ,101.80 ,101.80 
"2024-05-23",00:30,12.88 ,12.82 ,12.98 ,12.93 ,12.86 ,13.00 ,13.04 ,12.96 ,13.10 ,13.03 ,12.95 ,13.11 ,11.13 ,11.09 ,11.20 ,12.97 ,83.93 ,0.00 ,0.00 ,305.10 ,371.35 ,-61.16 ,0.00 ,0.00 ,332.54 ,0.00 ,7924.60 ,0.00 ,-999.00 ,-999.00 ,101.20 ,0.20 ,0.20 ,4.17 ,6.28 ,212 ,2.78 ,5.82 ,211 ,0.40 ,17.55 ,17.52 ,17.59 ,17.11 ,17.09 ,17.13 ,16.20 ,16.18 ,16.21 ,-999.00 ,-999.00 ,-999.00 ,11.40 ,10.64 ,12.63 ,12.57 ,12.67 ,-999.00 ,-999.00 ,-999.00 ,-999.00 ,-999.00 ,-999.00 ,15.79 ,15.70 ,15.86 ,-5.57 ,0.05 ,-4.09 ,-36.66 ,0.68 ,0.70 ,0.72 ,0.73 ,0.71 ,0.72 ,0.73 ,0.74 ,0.56 ,,100.00 ,0.00 ,0.00 ,0.00 ,101.30 ,101.90 ,101.80 
"2024-05-23",00:40,12.98 ,12.91 ,13.07 ,13.00 ,12.89 ,13.07 ,13.10 ,13.00 ,13.21 ,13.08 ,12.96 ,13.21 ,11.23 ,11.18 ,11.31 ,13.03 ,83.42 ,0.00 ,0.00 ,305.04 ,371.67 ,-61.59 ,0.00 ,0.00 ,332.38 ,0.00 ,7929.80 ,0.00 ,-999.00 ,-999.00 ,101.20 ,0.20 ,0.20 ,4.24 ,6.42 ,216 ,2.98 ,4.80 ,214 ,0.40 ,17.51 ,17.46 ,17.54 ,17.11 ,17.08 ,17.13 ,16.20 ,16.18 ,16.21 ,-999.00 ,-999.00 ,-999.00 ,11.40 ,10.63 ,12.55 ,12.50 ,12.60 ,-999.00 ,-999.00 ,-999.00 ,-999.00 ,-999.00 ,-999.00 ,15.79 ,15.71 ,15.84 ,-5.94 ,-0.05 ,-4.43 ,-36.50 ,0.68 ,0.70 ,0.72 ,0.73 ,0.71 ,0.72 ,0.73 ,0.74 ,0.56 ,,100.00 ,0.00 ,0.00 ,0.00 ,101.30 ,101.80 ,101.80 
"2024-05-23",00:50,12.89 ,12.77 ,13.06 ,12.89 ,12.76 ,13.04 ,13.01 ,12.89 ,13.12 ,13.01 ,12.88 ,13.12 ,11.23 ,11.09 ,11.38 ,12.96 ,83.66 ,0.00 ,0.00 ,304.05 ,371.28 ,-62.08 ,0.00 ,0.00 ,332.14 ,0.00 ,7999.00 ,0.00 ,-999.00 ,-999.00 ,101.20 ,0.20 ,0.20 ,3.87 ,6.01 ,212 ,2.64 ,3.93 ,210 ,0.40 ,17.46 ,17.44 ,17.47 ,17.10 ,17.08 ,17.11 ,16.20 ,16.18 ,16.20 ,-999.00 ,-999.00 ,-999.00 ,11.39 ,10.63 ,12.47 ,12.41 ,12.52 ,-999.00 ,-999.00 ,-999.00 ,-999.00 ,-999.00 ,-999.00 ,15.78 ,15.71 ,15.85 ,-6.28 ,-0.15 ,-4.75 ,-36.27 ,0.68 ,0.70 ,0.72 ,0.73 ,0.71 ,0.72 ,0.73 ,0.74 ,0.56 ,,100.00 ,0.00 ,0.00 ,0.00 ,101.30 ,101.80 ,101.80 
"2024-05-23",01:00,12.78 ,12.70 ,12.88 ,12.79 ,12.62 ,12.90 ,12.90 ,12.75 ,12.99 ,12.89 ,12.72 ,12.98 ,11.03 ,10.95 ,11.07 ,12.83 ,84.21 ,0.00 ,0.00 ,303.22 ,370.43 ,-61.89 ,0.00 ,0.00 ,331.55 ,0.00 ,7872.20 ,0.00 ,-999.00 ,-999.00 ,101.20 ,0.20 ,0.20 ,3.89 ,5.53 ,206 ,2.55 ,4.05 ,205 ,0.40 ,17.42 ,17.38 ,17.46 ,17.09 ,17.07 ,17.12 ,16.19 ,16.17 ,16.21 ,-999.00 ,-999.00 ,-999.00 ,11.40 ,10.63 ,12.39 ,12.35 ,12.44 ,-999.00 ,-999.00 ,-999.00 ,-999.00 ,-999.00 ,-999.00 ,15.78 ,15.72 ,15.82 ,-6.61 ,-0.26 ,-5.06 ,-36.07 ,0.68 ,0.70 ,0.72 ,0.73 ,0.71 ,0.72 ,0.73 ,0.74 ,0.56 ,,100.00 ,0.00 ,0.00 ,0.00 ,101.30 ,101.80 ,101.80 
"2024-05-23",01:10,12.56 ,12.42 ,12.66 ,12.58 ,12.40 ,12.67 ,12.67 ,12.50 ,12.75 ,12.66 ,12.46 ,12.72 ,10.92 ,10.79 ,11.00 ,12.63 ,85.34 ,0.00 ,0.00 ,303.10 ,369.77 ,-61.40 ,0.00 ,0.00 ,331.43 ,0.00 ,7702.20 ,0.00 ,-999.00 ,-999.00 ,101.20 ,0.20 ,0.20 ,3.98 ,6.19 ,200 ,2.44 ,3.98 ,198 ,0.40 ,17.38 ,17.35 ,17.41 ,17.09 ,17.07 ,17.11 ,16.19 ,16.18 ,16.21 ,-999.00 ,-999.00 ,-999.00 ,11.40 ,10.63 ,12.31 ,12.27 ,12.35 ,-999.00 ,-999.00 ,-999.00 ,-999.00 ,-999.00 ,-999.00 ,15.79 ,15.75 ,15.83 ,-6.92 ,-0.35 ,-5.36 ,-35.99 ,0.68 ,0.70 ,0.72 ,0.73 ,0.71 ,0.72 ,0.73 ,0.74 ,0.56 ,,100.00 ,0.00 ,0.00 ,0.00 ,101.30 ,101.80 ,101.80 
"2024-05-23",01:20,12.42 ,12.39 ,12.48 ,12.43 ,12.40 ,12.52 ,12.52 ,12.45 ,12.59 ,12.51 ,12.41 ,12.58 ,10.82 ,10.75 ,10.90 ,12.46 ,86.12 ,0.00 ,0.00 ,302.83 ,369.85 ,-61.82 ,0.00 ,0.00 ,330.93 ,0.00 ,7837.80 ,0.00 ,-999.00 ,-999.00 ,101.20 ,0.20 ,0.20 ,4.15 ,5.63 ,203 ,2.79 ,4.58 ,200 ,0.40 ,17.33 ,17.30 ,17.38 ,17.07 ,17.06 ,17.09 ,16.21 ,16.19 ,16.23 ,-999.00 ,-999.00 ,-999.00 ,11.40 ,10.64 ,12.24 ,12.20 ,12.29 ,-999.00 ,-999.00 ,-999.00 ,-999.00 ,-999.00 ,-999.00 ,15.78 ,15.73 ,15.82 ,-7.22 ,-0.45 ,-5.65 ,-35.92 ,0.68 ,0.70 ,0.72 ,0.73 ,0.71 ,0.72 ,0.73 ,0.74 ,0.56 ,,100.00 ,0.00 ,0.00 ,0.00 ,101.30 ,101.80 ,101.80 
"2024-05-23",01:30,12.48 ,12.40 ,12.57 ,12.50 ,12.42 ,12.58 ,12.60 ,12.53 ,12.63 ,12.60 ,12.51 ,12.64 ,10.78 ,10.70 ,10.83 ,12.56 ,85.67 ,0.00 ,0.00 ,302.01 ,369.70 ,-62.61 ,0.00 ,0.00 ,330.16 ,0.00 ,7761.80 ,0.00 ,-999.00 ,-999.00 ,101.20 ,0.20 ,0.20 ,4.00 ,5.64 ,206 ,2.65 ,4.42 ,204 ,0.40 ,17.29 ,17.25 ,17.31 ,17.06 ,17.03 ,17.09 ,16.21 ,16.20 ,16.22 ,-999.00 ,-999.00 ,-999.00 ,11.40 ,10.64 ,12.16 ,12.12 ,12.19 ,-999.00 ,-999.00 ,-999.00 ,-999.00 ,-999.00 ,-999.00 ,15.76 ,15.71 ,15.81 ,-7.51 ,-0.54 ,-5.93 ,-35.86 ,0.68 ,0.70 ,0.72 ,0.73 ,0.71 ,0.72 ,0.73 ,0.74 ,0.56 ,,100.00 ,0.00 ,0.00 ,0.00 ,101.30 ,101.80 ,101.80 
"2024-05-23",01:40,12.44 ,12.38 ,12.50 ,12.46 ,12.37 ,12.53 ,12.53 ,12.46 ,12.59 ,12.53 ,12.44 ,12.59 ,10.63 ,10.55 ,10.70 ,12.47 ,85.70 ,0.00 ,0.00 ,300.81 ,368.72 ,-62.69 ,0.00 ,0.00 ,329.63 ,0.00 ,7555.70 ,0.00 ,-999.00 ,-999.00 ,101.20 ,0.20 ,0.20 ,3.91 ,5.43 ,202 ,2.32 ,3.91 ,202 ,0.40 ,17.23 ,17.20 ,17.25 ,17.04 ,17.02 ,17.06 ,16.21 ,16.19 ,16.23 ,-999.00 ,-999.00 ,-999.00 ,11.41 ,10.65 ,12.08 ,12.04 ,12.12 ,-999.00 ,-999.00 ,-999.00 ,-999.00 ,-999.00 ,-999.00 ,15.78 ,15.66 ,15.85 ,-7.78 ,-0.63 ,-6.20 ,-35.78 ,0.68 ,0.70 ,0.72 ,0.73 ,0.71 ,0.72 ,0.73 ,0.74 ,0.56 ,,100.00 ,0.00 ,0.00 ,0.00 ,101.30 ,101.80 ,101.80 
"2024-05-23",01:50,12.26 ,12.15 ,12.34 ,12.28 ,12.15 ,12.36 ,12.33 ,12.24 ,12.43 ,12.32 ,12.20 ,12.43 ,10.47 ,10.41 ,10.52 ,12.29 ,86.49 ,0.00 ,0.00 ,300.15 ,367.88 ,-62.46 ,0.00 ,0.00 ,328.90 ,0.00 ,7895.40 ,0.00 ,-999.00 ,-999.00 ,101.21 ,0.20 ,0.20 ,3.78 ,5.59 ,200 ,2.42 ,4.82 ,197 ,0.40 ,17.19 ,17.15 ,17.21 ,17.05 ,17.03 ,17.06 ,16.22 ,16.19 ,16.24 ,-999.00 ,-999.00 ,-999.00 ,11.41 ,10.65 ,12.00 ,11.96 ,12.05 ,-999.00 ,-999.00 ,-999.00 ,-999.00 ,-999.00 ,-999.00 ,15.80 ,15.70 ,15.85 ,-8.04 ,-0.72 ,-6.46 ,-35.78 ,0.68 ,0.70 ,0.72 ,0.73 ,0.71 ,0.72 ,0.73 ,0.74 ,0.56 ,,100.00 ,0.00 ,0.00 ,0.00 ,101.30 ,101.80 ,101.80 
"2024-05-23",02:00,12.07 ,11.99 ,12.14 ,12.08 ,11.96 ,12.17 ,12.14 ,12.05 ,12.21 ,12.12 ,12.03 ,12.19 ,10.39 ,10.32 ,10.44 ,12.07 ,87.54 ,0.00 ,0.00 ,299.80 ,367.52 ,-62.45 ,0.00 ,0.00 ,328.68 ,0.00 ,7929.20 ,0.00 ,-999.00 ,-999.00 ,101.21 ,0.20 ,0.20 ,3.66 ,4.86 ,197 ,2.25 ,4.02 ,194 ,0.39 ,17.14 ,17.11 ,17.16 ,17.02 ,16.99 ,17.05 ,16.22 ,16.21 ,16.24 ,-999.00 ,-999.00 ,-999.00 ,11.42 ,10.65 ,11.93 ,11.88 ,11.97 ,-999.00 ,-999.00 ,-999.00 ,-999.00 ,-999.00 ,-999.00 ,15.78 ,15.71 ,15.83 ,-8.29 ,-0.80 ,-6.71 ,-35.85 ,0.68 ,0.70 ,0.72 ,0.73 ,0.71 ,0.72 ,0.73 ,0.74 ,0.56 ,,100.00 ,0.00 ,0.00 ,0.00 ,101.30 ,101.80 ,101.80 
"2024-05-23",02:10,11.80 ,11.67 ,11.94 ,11.78 ,11.63 ,11.91 ,11.92 ,11.80 ,12.04 ,11.90 ,11.76 ,12.03 ,10.21 ,10.08 ,10.31 ,11.86 ,88.65 ,0.00 ,0.00 ,299.18 ,365.99 ,-61.44 ,0.00 ,0.00 ,328.18 ,0.00 ,7667.50 ,0.00 ,-999.00 ,-999.00 ,101.21 ,0.20 ,0.20 ,3.39 ,5.00 ,194 ,1.84 ,2.83 ,191 ,0.39 ,17.08 ,17.05 ,17.10 ,17.01 ,16.96 ,17.03 ,16.20 ,16.19 ,16.22 ,-999.00 ,-999.00 ,-999.00 ,11.41 ,10.65 ,11.85 ,11.80 ,11.88 ,-999.00 ,-999.00 ,-999.00 ,-999.00 ,-999.00 ,-999.00 ,15.80 ,15.77 ,15.85 ,-8.53 ,-0.89 ,-6.96 ,-35.92 ,0.68 ,0.70 ,0.72 ,0.73 ,0.71 ,0.72 ,0.73 ,0.74 ,0.56 ,,100.00 ,0.00 ,0.00 ,0.00 ,101.30 ,101.80 ,101.80 
"2024-05-23",02:20,11.55 ,11.47 ,11.63 ,11.51 ,11.43 ,11.59 ,11.67 ,11.59 ,11.73 ,11.65 ,11.59 ,11.73 ,9.98 ,9.94 ,10.06 ,11.60 ,89.83 ,0.00 ,0.00 ,298.84 ,364.74 ,-60.33 ,0.00 ,0.00 ,327.87 ,0.00 ,7987.60 ,0.00 ,-999.00 ,-999.00 ,101.22 ,0.20 ,0.20 ,3.45 ,4.61 ,194 ,1.86 ,2.80 ,187 ,0.39 ,17.06 ,17.04 ,17.07 ,17.00 ,16.98 ,17.03 ,16.20 ,16.18 ,16.22 ,-999.00 ,-999.00 ,-999.00 ,11.41 ,10.66 ,11.76 ,11.70 ,11.79 ,-999.00 ,-999.00 ,-999.00 ,-999.00 ,-999.00 ,-999.00 ,15.78 ,15.76 ,15.83 ,-8.77 ,-0.97 ,-7.20 ,-36.01 ,0.68 ,0.70 ,0.72 ,0.73 ,0.71 ,0.72 ,0.73 ,0.74 ,0.56 ,,100.00 ,0.00 ,0.00 ,0.00 ,101.30 ,101.80 ,101.80 
"2024-05-23",02:30,11.50 ,11.45 ,11.56 ,11.49 ,11.42 ,11.54 ,11.61 ,11.58 ,11.65 ,11.60 ,11.56 ,11.65 ,10.01 ,9.98 ,10.07 ,11.56 ,90.22 ,0.00 ,0.00 ,298.25 ,365.19 ,-61.58 ,0.00 ,0.00 ,327.45 ,0.00 ,7683.90 ,0.00 ,-999.00 ,-999.00 ,101.22 ,0.20 ,0.20 ,3.54 ,4.98 ,194 ,2.02 ,3.52 ,190 ,0.39 ,17.00 ,16.98 ,17.02 ,16.99 ,16.95 ,17.00 ,16.21 ,16.20 ,16.23 ,-999.00 ,-999.00 ,-999.00 ,11.41 ,10.65 ,11.68 ,11.66 ,11.70 ,-999.00 ,-999.00 ,-999.00 ,-999.00 ,-999.00 ,-999.00 ,15.80 ,15.71 ,15.86 ,-8.99 ,-1.05 ,-7.43 ,-36.11 ,0.68 ,0.70 ,0.72 ,0.73 ,0.71 ,0.72 ,0.73 ,0.74 ,0.56 ,,100.00 ,0.00 ,0.00 ,0.00 ,101.30 ,101.80 ,101.80 
"2024-05-23",02:40,11.56 ,11.50 ,11.64 ,11.56 ,11.51 ,11.68 ,11.61 ,11.58 ,11.66 ,11.61 ,11.59 ,11.65 ,10.02 ,9.98 ,10.09 ,11.59 ,90.26 ,0.00 ,0.00 ,298.28 ,365.52 ,-62.01 ,0.00 ,0.00 ,327.09 ,0.00 ,7545.10 ,0.00 ,-999.00 ,-999.00 ,101.22 ,0.20 ,0.20 ,3.57 ,5.95 ,194 ,2.12 ,3.27 ,191 ,0.39 ,16.97 ,16.93 ,17.00 ,16.97 ,16.95 ,16.99 ,16.21 ,16.19 ,16.23 ,-999.00 ,-999.00 ,-999.00 ,11.42 ,10.65 ,11.61 ,11.58 ,11.65 ,-999.00 ,-999.00 ,-999.00 ,-999.00 ,-999.00 ,-999.00 ,15.78 ,15.73 ,15.83 ,-9.22 ,-1.13 ,-7.65 ,-36.16 ,0.68 ,0.70 ,0.72 ,0.73 ,0.71 ,0.72 ,0.73 ,0.74 ,0.56 ,,100.00 ,0.00 ,0.00 ,0.00 ,101.30 ,101.80 ,101.80 
"2024-05-23",02:50,11.55 ,11.52 ,11.60 ,11.55 ,11.50 ,11.58 ,11.59 ,11.57 ,11.64 ,11.58 ,11.55 ,11.63 ,10.03 ,9.99 ,10.08 ,11.57 ,90.33 ,0.00 ,0.00 ,297.59 ,365.52 ,-62.72 ,0.00 ,0.00 ,326.62 ,0.00 ,7788.00 ,0.00 ,-999.00 ,-999.00 ,101.22 ,0.20 ,0.20 ,3.85 ,5.15 ,196 ,2.25 ,3.63 ,193 ,0.39 ,16.93 ,16.90 ,16.95 ,16.96 ,16.94 ,16.98 ,16.21 ,16.20 ,16.22 ,-999.00 ,-999.00 ,-999.00 ,11.42 ,10.66 ,11.55 ,11.51 ,11.57 ,-999.00 ,-999.00 ,-999.00 ,-999.00 ,-999.00 ,-999.00 ,15.76 ,15.71 ,15.84 ,-9.43 ,-1.21 ,-7.87 ,-36.11 ,0.68 ,0.70 ,0.72 ,0.73 ,0.71 ,0.72 ,0.73 ,0.74 ,0.56 ,,100.00 ,0.00 ,0.00 ,0.00 ,101.30 ,101.80 ,101.80 
"2024-05-23",03:00,11.55 ,11.48 ,11.62 ,11.56 ,11.51 ,11.65 ,11.60 ,11.58 ,11.68 ,11.59 ,11.55 ,11.66 ,10.15 ,10.10 ,10.20 ,11.56 ,90.28 ,0.00 ,0.00 ,298.12 ,365.84 ,-62.52 ,0.00 ,0.00 ,326.22 ,0.00 ,7745.80 ,0.00 ,-999.00 ,-999.00 ,101.23 ,0.20 ,0.20 ,3.98 ,5.70 ,200 ,2.61 ,4.11 ,198 ,0.39 ,16.88 ,16.85 ,16.91 ,16.96 ,16.94 ,16.98 ,16.21 ,16.19 ,16.22 ,-999.00 ,-999.00 ,-999.00 ,11.42 ,10.66 ,11.48 ,11.46 ,11.52 ,-999.00 ,-999.00 ,-999.00 ,-999.00 ,-999.00 ,-999.00 ,15.77 ,15.74 ,15.80 ,-9.65 ,-1.28 ,-8.09 ,-35.99 ,0.68 ,0.70 ,0.72 ,0.73 ,0.71 ,0.72 ,0.73 ,0.74 ,0.56 ,,100.00 ,0.00 ,0.00 ,0.00 ,101.30 ,101.80 ,101.80 
"2024-05-23",03:10,11.67 ,11.62 ,11.78 ,11.69 ,11.62 ,11.79 ,11.73 ,11.69 ,11.83 ,11.73 ,11.71 ,11.82 ,10.20 ,10.11 ,10.26 ,11.71 ,89.64 ,0.00 ,0.00 ,298.51 ,366.49 ,-62.80 ,0.00 ,0.00 ,326.06 ,0.00 ,7799.20 ,0.00 ,-999.00 ,-999.00 ,101.24 ,0.20 ,0.20 ,4.23 ,5.63 ,201 ,2.78 ,4.83 ,199 ,0.39 ,16.83 ,16.78 ,16.87 ,16.95 ,16.92 ,16.96 ,16.21 ,16.19 ,16.22 ,-999.00 ,-999.00 ,-999.00 ,11.42 ,10.67 ,11.44 ,11.43 ,11.47 ,-999.00 ,-999.00 ,-999.00 ,-999.00 ,-999.00 ,-999.00 ,15.80 ,15.76 ,15.86 ,-9.85 ,-1.36 ,-8.30 ,-35.81 ,0.68 ,0.70 ,0.72 ,0.73 ,0.71 ,0.72 ,0.73 ,0.74 ,0.56 ,,100.00 ,0.00 ,0.00 ,0.00 ,101.30 ,101.80 ,101.80 
"2024-05-23",03:20,11.75 ,11.69 ,11.79 ,11.75 ,11.66 ,11.83 ,11.78 ,11.73 ,11.83 ,11.76 ,11.72 ,11.83 ,10.39 ,10.24 ,10.57 ,11.72 ,89.93 ,0.00 ,0.00 ,319.39 ,368.13 ,-43.03 ,0.00 ,0.00 ,339.32 ,0.00 ,7648.20 ,0.00 ,-999.00 ,-999.00 ,101.24 ,0.20 ,0.20 ,4.23 ,5.38 ,202 ,2.86 ,4.51 ,199 ,0.39 ,16.78 ,16.75 ,16.80 ,16.93 ,16.91 ,16.95 ,16.20 ,16.19 ,16.22 ,-999.00 ,-999.00 ,-999.00 ,11.42 ,10.66 ,11.42 ,11.40 ,11.45 ,-999.00 ,-999.00 ,-999.00 ,-999.00 ,-999.00 ,-999.00 ,15.76 ,15.68 ,15.84 ,-10.06 ,-1.43 ,-8.51 ,-35.52 ,0.68 ,0.70 ,0.72 ,0.73 ,0.71 ,0.72 ,0.73 ,0.74 ,0.56 ,,100.00 ,0.00 ,0.00 ,0.00 ,101.30 ,101.80 ,101.80 
"2024-05-23",03:30,11.95 ,11.83 ,12.13 ,11.96 ,11.84 ,12.11 ,11.99 ,11.85 ,12.12 ,11.99 ,11.85 ,12.14 ,10.75 ,10.59 ,10.93 ,11.96 ,89.64 ,0.59 ,0.00 ,340.17 ,370.75 ,-23.95 ,0.35 ,0.00 ,352.58 ,0.00 ,7915.10 ,0.00 ,-999.00 ,-999.00 ,101.24 ,0.20 ,0.20 ,4.46 ,6.39 ,207 ,3.23 ,5.37 ,205 ,0.39 ,16.75 ,16.72 ,16.78 ,16.92 ,16.90 ,16.95 ,16.21 ,16.20 ,16.22 ,-999.00 ,-999.00 ,-999.00 ,11.42 ,10.67 ,11.52 ,11.47 ,11.59 ,-999.00 ,-999.00 ,-999.00 ,-999.00 ,-999.00 ,-999.00 ,15.79 ,15.74 ,15.87 ,-10.26 ,-1.51 ,-8.71 ,-34.59 ,0.68 ,0.70 ,0.72 ,0.73 ,0.71 ,0.72 ,0.73 ,0.74 ,0.56 ,,100.00 ,0.00 ,0.00 ,0.00 ,101.30 ,101.80 ,101.80 
"2024-05-23",03:40,12.26 ,12.14 ,12.37 ,12.27 ,12.17 ,12.42 ,12.31 ,12.17 ,12.43 ,12.31 ,12.16 ,12.44 ,11.14 ,10.98 ,11.27 ,12.26 ,88.72 ,1.97 ,0.00 ,360.64 ,373.47 ,-5.13 ,1.62 ,0.00 ,368.58 ,0.00 ,7891.70 ,0.00 ,-999.00 ,-999.00 ,101.24 ,0.20 ,0.20 ,4.74 ,7.74 ,216 ,3.45 ,6.95 ,216 ,0.39 ,16.71 ,16.68 ,16.74 ,16.88 ,16.85 ,16.90 ,16.20 ,16.18 ,16.23 ,-999.00 ,-999.00 ,-999.00 ,11.43 ,10.66 ,11.70 ,11.61 ,11.79 ,-999.00 ,-999.00 ,-999.00 ,-999.00 ,-999.00 ,-999.00 ,15.79 ,15.76 ,15.85 ,-10.45 ,-1.58 ,-8.91 ,-32.49 ,0.68 ,0.70 ,0.72 ,0.73 ,0.71 ,0.72 ,0.73 ,0.74 ,0.56 ,,100.00 ,0.00 ,0.00 ,0.00 ,101.30 ,101.80 ,101.80 
"2024-05-23",03:50,12.56 ,12.45 ,12.64 ,12.54 ,12.40 ,12.63 ,12.60 ,12.47 ,12.64 ,12.59 ,12.48 ,12.63 ,11.40 ,11.29 ,11.48 ,12.52 ,87.74 ,3.75 ,0.00 ,367.92 ,374.99 ,2.15 ,3.14 ,0.00 ,371.60 ,0.00 ,7669.30 ,0.00 ,-999.00 ,-999.00 ,101.25 ,0.20 ,0.20 ,4.76 ,6.64 ,224 ,3.53 ,5.51 ,223 ,0.39 ,16.66 ,16.63 ,16.69 ,16.88 ,16.85 ,16.90 ,16.20 ,16.19 ,16.21 ,-999.00 ,-999.00 ,-999.00 ,11.41 ,10.66 ,11.89 ,11.79 ,11.98 ,-999.00 ,-999.00 ,-999.00 ,-999.00 ,-999.00 ,-999.00 ,15.79 ,15.76 ,15.82 ,-10.63 ,-1.66 ,-9.10 ,-29.67 ,0.68 ,0.70 ,0.72 ,0.73 ,0.71 ,0.72 ,0.73 ,0.74 ,0.56 ,,100.00 ,0.00 ,0.00 ,0.00 ,101.30 ,101.80 ,101.80 
"2024-05-23",04:00,12.64 ,12.60 ,12.68 ,12.64 ,12.61 ,12.68 ,12.67 ,12.63 ,12.70 ,12.67 ,12.63 ,12.71 ,11.52 ,11.48 ,11.56 ,12.60 ,87.52 ,5.56 ,0.00 ,369.82 ,375.35 ,5.22 ,5.03 ,0.00 ,374.73 ,0.00 ,7844.60 ,0.00 ,-999.00 ,-999.00 ,101.25 ,0.20 ,0.20 ,4.74 ,7.74 ,226 ,3.61 ,6.82 ,223 ,0.39 ,16.63 ,16.59 ,16.66 ,16.87 ,16.86 ,16.88 ,16.21 ,16.19 ,16.23 ,-999.00 ,-999.00 ,-999.00 ,11.42 ,10.65 ,12.07 ,11.99 ,12.13 ,-999.00 ,-999.00 ,-999.00 ,-999.00 ,-999.00 ,-999.00 ,15.80 ,15.76 ,15.85 ,-10.80 ,-1.73 ,-9.28 ,-26.75 ,0.68 ,0.70 ,0.72 ,0.73 ,0.71 ,0.72 ,0.73 ,0.74 ,0.56 ,,100.00 ,0.00 ,0.00 ,0.00 ,101.30 ,101.80 ,101.80 
"2024-05-23",04:10,12.63 ,12.57 ,12.72 ,12.64 ,12.57 ,12.69 ,12.71 ,12.68 ,12.77 ,12.71 ,12.65 ,12.79 ,11.59 ,11.57 ,11.61 ,12.63 ,87.72 ,7.54 ,0.00 ,370.32 ,375.74 ,7.01 ,7.21 ,0.00 ,375.43 ,0.00 ,7473.60 ,0.00 ,-999.00 ,-999.00 ,101.27 ,0.20 ,0.20 ,4.53 ,7.85 ,228 ,3.34 ,6.70 ,226 ,0.39 ,16.60 ,16.57 ,16.62 ,16.86 ,16.85 ,16.89 ,16.20 ,16.18 ,16.22 ,-999.00 ,-999.00 ,-999.00 ,11.42 ,10.65 ,12.20 ,12.13 ,12.27 ,-999.00 ,-999.00 ,-999.00 ,-999.00 ,-999.00 ,-999.00 ,15.78 ,15.70 ,15.86 ,-10.95 ,-1.80 ,-9.44 ,-24.25 ,0.68 ,0.70 ,0.72 ,0.73 ,0.71 ,0.72 ,0.73 ,0.74 ,0.56 ,,100.00 ,0.00 ,0.00 ,0.00 ,101.30 ,101.80 ,101.80 
"2024-05-23",04:20,12.77 ,12.72 ,12.81 ,12.76 ,12.72 ,12.79 ,12.82 ,12.80 ,12.84 ,12.81 ,12.79 ,12.85 ,11.66 ,11.62 ,11.70 ,12.73 ,87.18 ,9.82 ,0.00 ,371.22 ,376.08 ,9.01 ,9.49 ,0.00 ,375.08 ,0.00 ,7611.70 ,0.00 ,-999.00 ,-999.00 ,101.28 ,0.20 ,0.20 ,5.32 ,8.06 ,224 ,4.10 ,6.27 ,223 ,0.39 ,16.54 ,16.52 ,16.57 ,16.83 ,16.81 ,16.85 ,16.20 ,16.18 ,16.22 ,-999.00 ,-999.00 ,-999.00 ,11.41 ,10.65 ,12.32 ,12.26 ,12.38 ,-999.00 ,-999.00 ,-999.00 ,-999.00 ,-999.00 ,-999.00 ,15.80 ,15.75 ,15.85 ,-11.06 ,-1.88 ,-9.57 ,-22.24 ,0.68 ,0.70 ,0.72 ,0.73 ,0.71 ,0.72 ,0.73 ,0.74 ,0.56 ,,100.00 ,0.00 ,0.00 ,0.00 ,101.30 ,101.80 ,101.80 
"2024-05-23",04:30,12.80 ,12.78 ,12.82 ,12.80 ,12.78 ,12.84 ,12.83 ,12.82 ,12.86 ,12.84 ,12.82 ,12.85 ,11.73 ,11.70 ,11.76 ,12.77 ,87.23 ,12.50 ,0.00 ,371.01 ,376.38 ,10.52 ,12.27 ,0.00 ,373.75 ,0.00 ,7635.30 ,0.00 ,-999.00 ,-999.00 ,101.28 ,0.20 ,0.20 ,4.33 ,6.48 ,221 ,3.26 ,5.25 ,221 ,0.39 ,16.49 ,16.48 ,16.51 ,16.82 ,16.80 ,16.84 ,16.19 ,16.17 ,16.22 ,-999.00 ,-999.00 ,-999.00 ,11.41 ,10.65 ,12.41 ,12.37 ,12.47 ,-999.00 ,-999.00 ,-999.00 ,-999.00 ,-999.00 ,-999.00 ,15.76 ,15.70 ,15.80 ,-11.13 ,-1.95 ,-9.68 ,-20.70 ,0.68 ,0.70 ,0.72 ,0.73 ,0.71 ,0.72 ,0.73 ,0.74 ,0.56 ,,100.00 ,0.00 ,0.00 ,0.00 ,101.30 ,101.80 ,101.80 
"2024-05-23",04:40,12.81 ,12.72 ,12.87 ,12.81 ,12.73 ,12.86 ,12.86 ,12.82 ,12.90 ,12.85 ,12.83 ,12.89 ,11.79 ,11.76 ,11.83 ,12.78 ,87.33 ,19.71 ,0.00 ,371.01 ,376.88 ,15.77 ,19.59 ,0.00 ,378.71 ,0.00 ,7756.80 ,0.00 ,-999.00 ,-999.00 ,101.28 ,0.20 ,0.20 ,4.11 ,6.15 ,217 ,3.10 ,4.98 ,216 ,0.39 ,16.47 ,16.43 ,16.49 ,16.80 ,16.78 ,16.83 ,16.20 ,16.17 ,16.23 ,-999.00 ,-999.00 ,-999.00 ,11.42 ,10.66 ,12.52 ,12.48 ,12.56 ,-999.00 ,-999.00 ,-999.00 ,-999.00 ,-999.00 ,-999.00 ,15.79 ,15.70 ,15.87 ,-11.15 ,-2.02 ,-9.74 ,-19.42 ,0.68 ,0.70 ,0.72 ,0.73 ,0.71 ,0.72 ,0.73 ,0.74 ,0.56 ,,100.00 ,0.00 ,0.00 ,0.00 ,101.30 ,101.80 ,101.80 
"2024-05-23",04:50,12.90 ,12.85 ,12.95 ,12.91 ,12.85 ,12.99 ,12.95 ,12.91 ,13.00 ,12.93 ,12.88 ,13.00 ,11.89 ,11.82 ,11.96 ,12.89 ,86.98 ,26.65 ,0.03 ,371.02 ,377.68 ,20.36 ,26.49 ,0.00 ,376.24 ,0.00 ,7852.70 ,0.00 ,-999.00 ,-999.00 ,101.29 ,0.20 ,0.20 ,3.99 ,6.03 ,216 ,3.02 ,5.01 ,217 ,0.39 ,16.42 ,16.39 ,16.45 ,16.78 ,16.75 ,16.80 ,16.18 ,16.17 ,16.20 ,-999.00 ,-999.00 ,-999.00 ,11.41 ,10.66 ,12.63 ,12.58 ,12.69 ,-999.00 ,-999.00 ,-999.00 ,-999.00 ,-999.00 ,-999.00 ,15.79 ,15.72 ,15.84 ,-11.13 ,-2.08 ,-9.77 ,-18.13 ,0.68 ,0.70 ,0.72 ,0.73 ,0.71 ,0.72 ,0.73 ,0.74 ,0.56 ,,100.00 ,0.00 ,0.00 ,0.00 ,101.30 ,101.80 ,101.80 
"2024-05-23",05:00,13.05 ,12.98 ,13.12 ,13.04 ,12.98 ,13.07 ,13.08 ,13.02 ,13.14 ,13.08 ,13.01 ,13.14 ,12.03 ,11.97 ,12.09 ,13.03 ,86.33 ,30.30 ,0.58 ,371.48 ,378.54 ,22.66 ,30.08 ,0.00 ,376.36 ,0.00 ,7956.70 ,0.00 ,-999.00 ,-999.00 ,101.29 ,0.20 ,0.20 ,3.96 ,5.66 ,214 ,3.02 ,5.00 ,211 ,0.39 ,16.38 ,16.37 ,16.40 ,16.76 ,16.75 ,16.77 ,16.19 ,16.16 ,16.21 ,-999.00 ,-999.00 ,-999.00 ,11.42 ,10.66 ,12.76 ,12.70 ,12.82 ,-999.00 ,-999.00 ,-999.00 ,-999.00 ,-999.00 ,-999.00 ,15.78 ,15.71 ,15.83 ,-11.07 ,-2.15 ,-9.77 ,-16.78 ,0.68 ,0.70 ,0.72 ,0.73 ,0.71 ,0.72 ,0.73 ,0.74 ,0.56 ,,100.00 ,0.00 ,0.00 ,0.00 ,101.30 ,101.80 ,101.80 
"2024-05-23",05:10,13.15 ,13.10 ,13.22 ,13.12 ,13.07 ,13.20 ,13.17 ,13.12 ,13.23 ,13.16 ,13.12 ,13.23 ,12.18 ,12.08 ,12.29 ,13.12 ,86.09 ,42.22 ,3.41 ,371.47 ,379.41 ,30.87 ,42.14 ,0.00 ,375.47 ,0.00 ,7824.80 ,0.00 ,-999.00 ,-999.00 ,101.30 ,0.20 ,0.20 ,3.37 ,4.79 ,204 ,2.47 ,4.12 ,202 ,0.39 ,16.35 ,16.34 ,16.38 ,16.75 ,16.73 ,16.77 ,16.19 ,16.17 ,16.20 ,-999.00 ,-999.00 ,-999.00 ,11.44 ,10.67 ,12.91 ,12.83 ,12.99 ,-999.00 ,-999.00 ,-999.00 ,-999.00 ,-999.00 ,-999.00 ,15.79 ,15.76 ,15.83 ,-10.97 ,-2.21 ,-9.75 ,-15.45 ,0.68 ,0.70 ,0.72 ,0.73 ,0.71 ,0.72 ,0.73 ,0.74 ,0.56 ,,100.00 ,0.00 ,0.00 ,0.00 ,101.30 ,101.80 ,101.80 
"2024-05-23",05:20,13.14 ,13.09 ,13.18 ,13.12 ,13.05 ,13.19 ,13.21 ,13.16 ,13.26 ,13.19 ,13.15 ,13.26 ,12.19 ,12.07 ,12.28 ,13.15 ,86.45 ,75.46 ,10.42 ,335.77 ,378.67 ,22.15 ,74.71 ,0.00 ,355.23 ,0.00 ,7841.40 ,0.00 ,-999.00 ,-999.00 ,101.30 ,0.20 ,0.20 ,3.38 ,6.62 ,194 ,2.58 ,5.43 ,194 ,0.39 ,16.32 ,16.30 ,16.35 ,16.73 ,16.70 ,16.76 ,16.18 ,16.17 ,16.19 ,-999.00 ,-999.00 ,-999.00 ,11.45 ,10.66 ,13.02 ,12.99 ,13.04 ,-999.00 ,-999.00 ,-999.00 ,-999.00 ,-999.00 ,-999.00 ,15.79 ,15.71 ,15.84 ,-10.84 ,-2.27 ,-9.69 ,-13.97 ,0.68 ,0.70 ,0.72 ,0.73 ,0.71 ,0.72 ,0.73 ,0.74 ,0.56 ,,100.00 ,0.00 ,0.00 ,0.00 ,101.30 ,101.80 ,101.80 
"2024-05-23",05:30,13.20 ,13.09 ,13.28 ,13.20 ,13.10 ,13.29 ,13.26 ,13.18 ,13.34 ,13.24 ,13.15 ,13.33 ,12.44 ,12.25 ,12.59 ,13.18 ,87.90 ,83.90 ,14.03 ,361.70 ,380.99 ,50.58 ,81.76 ,0.00 ,372.70 ,0.00 ,7874.30 ,0.00 ,-999.00 ,-999.00 ,101.32 ,0.20 ,0.20 ,3.60 ,5.51 ,188 ,2.48 ,4.24 ,189 ,0.39 ,16.29 ,16.27 ,16.32 ,16.71 ,16.68 ,16.73 ,16.17 ,16.16 ,16.19 ,-999.00 ,-999.00 ,-999.00 ,11.42 ,10.65 ,13.17 ,13.05 ,13.31 ,-999.00 ,-999.00 ,-999.00 ,-999.00 ,-999.00 ,-999.00 ,15.81 ,15.74 ,15.88 ,-10.69 ,-2.32 ,-9.62 ,-12.81 ,0.68 ,0.70 ,0.72 ,0.73 ,0.71 ,0.72 ,0.73 ,0.74 ,0.56 ,,100.00 ,0.00 ,0.00 ,0.00 ,101.30 ,101.80 ,101.80 
"2024-05-23",05:40,13.26 ,13.21 ,13.30 ,13.24 ,13.20 ,13.29 ,13.30 ,13.26 ,13.34 ,13.30 ,13.26 ,13.35 ,12.57 ,12.54 ,12.61 ,13.29 ,87.66 ,73.72 ,10.86 ,368.70 ,381.78 ,49.79 ,73.00 ,0.00 ,377.21 ,0.00 ,7809.60 ,0.00 ,-999.00 ,-999.00 ,101.33 ,0.20 ,0.20 ,3.81 ,5.05 ,189 ,2.65 ,4.16 ,187 ,0.39 ,16.28 ,16.26 ,16.31 ,16.70 ,16.67 ,16.73 ,16.19 ,16.17 ,16.20 ,-999.00 ,-999.00 ,-999.00 ,11.41 ,10.65 ,13.36 ,13.28 ,13.44 ,-999.00 ,-999.00 ,-999.00 ,-999.00 ,-999.00 ,-999.00 ,15.80 ,15.72 ,15.86 ,-10.52 ,-2.37 ,-9.52 ,-10.88 ,0.68 ,0.70 ,0.72 ,0.73 ,0.71 ,0.72 ,0.73 ,0.74 ,0.56 ,,100.00 ,0.00 ,0.00 ,0.00 ,101.30 ,101.80 ,101.80 
"2024-05-23",05:50,13.36 ,13.25 ,13.48 ,13.38 ,13.25 ,13.47 ,13.43 ,13.28 ,13.51 ,13.43 ,13.29 ,13.52 ,12.78 ,12.64 ,12.89 ,13.37 ,87.72 ,122.12 ,22.37 ,358.15 ,384.21 ,73.69 ,120.28 ,0.00 ,372.72 ,0.00 ,7732.80 ,0.00 ,-999.00 ,-999.00 ,101.33 ,0.20 ,0.20 ,3.65 ,5.44 ,190 ,2.50 ,4.22 ,188 ,0.39 ,16.26 ,16.23 ,16.28 ,16.69 ,16.67 ,16.72 ,16.19 ,16.16 ,16.23 ,-999.00 ,-999.00 ,-999.00 ,11.41 ,10.65 ,13.57 ,13.45 ,13.71 ,-999.00 ,-999.00 ,-999.00 ,-999.00 ,-999.00 ,-999.00 ,15.77 ,15.70 ,15.85 ,-10.33 ,-2.42 ,-9.41 ,-8.84 ,0.68 ,0.70 ,0.72 ,0.73 ,0.71 ,0.72 ,0.73 ,0.74 ,0.56 ,,100.00 ,0.00 ,0.00 ,0.00 ,101.30 ,101.80 ,101.80 
"2024-05-23",06:00,13.47 ,13.40 ,13.54 ,13.47 ,13.42 ,13.57 ,13.55 ,13.50 ,13.67 ,13.54 ,13.49 ,13.67 ,12.82 ,12.73 ,12.93 ,13.50 ,87.75 ,66.36 ,9.83 ,371.90 ,382.85 ,45.57 ,64.34 ,0.00 ,379.81 ,0.00 ,7703.40 ,0.00 ,-999.00 ,-999.00 ,101.34 ,0.20 ,0.20 ,3.47 ,5.55 ,194 ,2.60 ,4.63 ,194 ,0.39 ,16.21 ,16.19 ,16.25 ,16.67 ,16.66 ,16.69 ,16.17 ,16.14 ,16.20 ,-999.00 ,-999.00 ,-999.00 ,11.43 ,10.66 ,13.80 ,13.75 ,13.83 ,-999.00 ,-999.00 ,-999.00 ,-999.00 ,-999.00 ,-999.00 ,15.80 ,15.75 ,15.85 ,-10.11 ,-2.47 ,-9.28 ,-6.44 ,0.68 ,0.70 ,0.72 ,0.73 ,0.71 ,0.72 ,0.73 ,0.74 ,0.56 ,,100.00 ,0.00 ,0.00 ,0.00 ,101.30 ,101.80 ,101.80 
"2024-05-23",06:10,13.47 ,13.41 ,13.54 ,13.46 ,13.38 ,13.51 ,13.55 ,13.49 ,13.63 ,13.54 ,13.47 ,13.62 ,12.74 ,12.70 ,12.79 ,13.50 ,86.36 ,72.82 ,11.29 ,372.18 ,382.76 ,50.95 ,72.15 ,0.00 ,379.86 ,0.00 ,7760.40 ,0.00 ,-999.00 ,-999.00 ,101.35 ,0.20 ,0.20 ,3.94 ,5.90 ,196 ,2.86 ,4.34 ,195 ,0.39 ,16.18 ,16.17 ,16.20 ,16.65 ,16.64 ,16.68 ,16.16 ,16.14 ,16.18 ,-999.00 ,-999.00 ,-999.00 ,11.43 ,10.65 ,13.86 ,13.84 ,13.87 ,-999.00 ,-999.00 ,-999.00 ,-999.00 ,-999.00 ,-999.00 ,15.77 ,15.73 ,15.81 ,-9.88 ,-2.51 ,-9.12 ,-5.00 ,0.68 ,0.70 ,0.72 ,0.73 ,0.71 ,0.72 ,0.73 ,0.74 ,0.56 ,,100.00 ,0.00 ,0.00 ,0.00 ,101.30 ,101.80 ,101.80 
"2024-05-23",06:20,13.66 ,13.55 ,13.85 ,13.66 ,13.57 ,13.82 ,13.72 ,13.64 ,13.87 ,13.72 ,13.63 ,13.87 ,13.08 ,12.88 ,13.31 ,13.67 ,86.12 ,133.55 ,25.73 ,368.44 ,385.25 ,91.01 ,132.69 ,0.00 ,379.12 ,0.00 ,7798.10 ,0.00 ,-999.00 ,-999.00 ,101.35 ,0.20 ,0.20 ,4.03 ,5.75 ,195 ,2.81 ,4.40 ,194 ,0.39 ,16.16 ,16.12 ,16.17 ,16.61 ,16.58 ,16.64 ,16.15 ,16.13 ,16.17 ,-999.00 ,-999.00 ,-999.00 ,11.42 ,10.65 ,13.97 ,13.88 ,14.09 ,-999.00 ,-999.00 ,-999.00 ,-999.00 ,-999.00 ,-999.00 ,15.81 ,15.77 ,15.86 ,-9.63 ,-2.54 ,-8.94 ,-4.58 ,0.68 ,0.70 ,0.72 ,0.73 ,0.71 ,0.72 ,0.73 ,0.74 ,0.56 ,,100.00 ,0.00 ,0.00 ,0.00 ,101.30 ,101.80 ,101.80 
"2024-05-23",06:30,13.87 ,13.80 ,13.96 ,13.87 ,13.82 ,13.93 ,13.93 ,13.89 ,13.97 ,13.93 ,13.89 ,13.96 ,13.45 ,13.37 ,13.59 ,13.90 ,85.84 ,127.57 ,25.99 ,372.16 ,387.19 ,86.55 ,124.76 ,0.15 ,382.10 ,0.00 ,7846.00 ,0.00 ,-999.00 ,-999.00 ,101.36 ,0.20 ,0.20 ,3.50 ,5.32 ,190 ,2.66 ,4.23 ,193 ,0.39 ,16.14 ,16.12 ,16.15 ,16.60 ,16.57 ,16.62 ,16.15 ,16.13 ,16.17 ,-999.00 ,-999.00 ,-999.00 ,11.42 ,10.65 ,14.25 ,14.14 ,14.35 ,-999.00 ,-999.00 ,-999.00 ,-999.00 ,-999.00 ,-999.00 ,15.77 ,15.71 ,15.83 ,-9.35 ,-2.57 ,-8.73 ,-2.89 ,0.68 ,0.70 ,0.72 ,0.73 ,0.71 ,0.72 ,0.73 ,0.74 ,0.56 ,,100.00 ,0.00 ,0.00 ,0.00 ,101.30 ,101.80 ,101.80 
"2024-05-23",06:40,13.96 ,13.87 ,14.04 ,13.96 ,13.90 ,14.06 ,14.02 ,13.96 ,14.09 ,14.01 ,13.95 ,14.10 ,13.56 ,13.52 ,13.59 ,13.99 ,85.45 ,140.99 ,28.81 ,373.62 ,387.82 ,97.98 ,138.63 ,0.00 ,383.80 ,0.00 ,7652.90 ,0.00 ,-999.00 ,-999.00 ,101.37 ,0.20 ,0.20 ,4.08 ,6.28 ,195 ,3.07 ,5.22 ,193 ,0.39 ,16.13 ,16.10 ,16.16 ,16.60 ,16.57 ,16.62 ,16.15 ,16.14 ,16.17 ,-999.00 ,-999.00 ,-999.00 ,11.42 ,10.65 ,14.49 ,14.41 ,14.61 ,-999.00 ,-999.00 ,-999.00 ,-999.00 ,-999.00 ,-999.00 ,15.78 ,15.72 ,15.82 ,-9.05 ,-2.60 ,-8.50 ,-0.40 ,0.68 ,0.70 ,0.72 ,0.73 ,0.71 ,0.72 ,0.73 ,0.74 ,0.56 ,,100.00 ,0.00 ,0.00 ,0.00 ,101.30 ,101.80 ,101.80 
