"2024-05-26",05:40,13.87 ,13.67 ,14.08 ,14.04 ,13.82 ,14.29 ,14.02 ,13.86 ,14.26 ,13.95 ,13.80 ,14.21 ,14.01 ,13.79 ,14.23 ,14.12 ,93.04 ,232.61 ,75.25 ,319.96 ,386.96 ,90.36 ,95.44 ,409.27 ,322.23 ,10.00 ,6725.20 ,0.00 ,-999.00 ,-999.00 ,101.64 ,0.20 ,0.20 ,3.09 ,4.57 ,126 ,2.15 ,3.89 ,126 ,0.36 ,15.68 ,15.64 ,15.71 ,16.26 ,16.24 ,16.28 ,15.87 ,15.85 ,15.88 ,-999.00 ,-999.00 ,-999.00 ,11.77 ,10.78 ,13.41 ,13.18 ,13.65 ,-999.00 ,-999.00 ,-999.00 ,-999.00 ,-999.00 ,-999.00 ,15.36 ,15.28 ,15.43 ,-11.14 ,-3.78 ,-10.01 ,-9.35 ,0.69 ,0.70 ,0.72 ,0.73 ,0.71 ,0.72 ,0.73 ,0.75 ,0.56 ,,100.00 ,0.00 ,0.00 ,0.00 ,112.70 ,110.80 ,110.80 
"2024-05-26",05:50,14.16 ,14.09 ,14.21 ,14.37 ,14.30 ,14.43 ,14.40 ,14.26 ,14.49 ,14.30 ,14.17 ,14.40 ,13.99 ,13.69 ,14.39 ,14.39 ,91.25 ,199.77 ,58.61 ,317.22 ,387.73 ,70.65 ,92.37 ,291.17 ,330.18 ,10.00 ,6811.00 ,0.00 ,-999.00 ,-999.00 ,101.63 ,0.20 ,0.20 ,3.07 ,4.68 ,120 ,2.48 ,3.80 ,120 ,0.36 ,15.66 ,15.64 ,15.69 ,16.24 ,16.23 ,16.27 ,15.86 ,15.83 ,15.90 ,-999.00 ,-999.00 ,-999.00 ,11.79 ,10.79 ,13.91 ,13.70 ,14.08 ,-999.00 ,-999.00 ,-999.00 ,-999.00 ,-999.00 ,-999.00 ,15.38 ,15.31 ,15.42 ,-11.04 ,-3.84 ,-9.96 ,-4.21 ,0.69 ,0.70 ,0.72 ,0.73 ,0.71 ,0.72 ,0.73 ,0.75 ,0.56 ,,100.00 ,0.00 ,0.00 ,0.00 ,112.70 ,110.80 ,110.80 
"2024-05-26",06:00,14.44 ,14.24 ,14.69 ,14.61 ,14.45 ,14.86 ,14.80 ,14.52 ,15.12 ,14.73 ,14.45 ,15.06 ,14.29 ,13.84 ,14.49 ,14.66 ,90.05 ,280.81 ,87.43 ,317.71 ,390.78 ,120.31 ,94.22 ,469.52 ,328.21 ,10.00 ,6758.40 ,0.00 ,-999.00 ,-999.00 ,101.61 ,0.20 ,0.20 ,3.62 ,5.58 ,115 ,2.83 ,4.71 ,113 ,0.36 ,15.64 ,15.59 ,15.67 ,16.24 ,16.20 ,16.28 ,15.87 ,15.85 ,15.90 ,-999.00 ,-999.00 ,-999.00 ,11.78 ,10.79 ,14.28 ,14.09 ,14.54 ,-999.00 ,-999.00 ,-999.00 ,-999.00 ,-999.00 ,-999.00 ,15.37 ,15.32 ,15.44 ,-10.91 ,-3.89 ,-9.88 ,0.26 ,0.69 ,0.70 ,0.72 ,0.73 ,0.71 ,0.72 ,0.73 ,0.75 ,0.56 ,,100.00 ,0.00 ,0.00 ,0.00 ,112.70 ,110.80 ,110.80 
"2024-05-26",06:10,14.85 ,14.68 ,15.08 ,15.04 ,14.85 ,15.31 ,15.34 ,15.15 ,15.61 ,15.28 ,15.10 ,15.54 ,14.76 ,14.62 ,14.93 ,15.17 ,87.40 ,311.04 ,94.30 ,319.30 ,393.44 ,142.60 ,91.40 ,508.60 ,323.92 ,10.00 ,7006.80 ,0.00 ,-999.00 ,-999.00 ,101.60 ,0.20 ,0.20 ,3.98 ,5.90 ,117 ,3.00 ,4.56 ,115 ,0.36 ,15.61 ,15.57 ,15.62 ,16.22 ,16.19 ,16.23 ,15.86 ,15.85 ,15.89 ,-999.00 ,-999.00 ,-999.00 ,11.78 ,10.78 ,14.77 ,14.58 ,14.98 ,-999.00 ,-999.00 ,-999.00 ,-999.00 ,-999.00 ,-999.00 ,15.37 ,15.34 ,15.42 ,-10.74 ,-3.93 ,-9.76 ,4.39 ,0.69 ,0.70 ,0.72 ,0.73 ,0.71 ,0.72 ,0.73 ,0.75 ,0.56 ,,100.00 ,0.00 ,0.00 ,0.00 ,112.70 ,110.80 ,110.80 
"2024-05-26",06:20,15.30 ,15.18 ,15.42 ,15.44 ,15.32 ,15.51 ,15.68 ,15.56 ,15.77 ,15.64 ,15.52 ,15.72 ,14.82 ,14.62 ,14.94 ,15.50 ,84.87 ,316.86 ,93.21 ,319.94 ,393.88 ,149.70 ,93.01 ,480.73 ,327.44 ,10.00 ,7011.50 ,0.00 ,-999.00 ,-999.00 ,101.60 ,0.20 ,0.20 ,4.20 ,6.74 ,117 ,3.63 ,5.53 ,118 ,0.36 ,15.57 ,15.56 ,15.60 ,16.18 ,16.16 ,16.21 ,15.85 ,15.83 ,15.86 ,-999.00 ,-999.00 ,-999.00 ,11.79 ,10.80 ,15.30 ,15.05 ,15.51 ,-999.00 ,-999.00 ,-999.00 ,-999.00 ,-999.00 ,-999.00 ,15.37 ,15.33 ,15.40 ,-10.51 ,-3.96 ,-9.59 ,9.38 ,0.69 ,0.70 ,0.72 ,0.73 ,0.71 ,0.72 ,0.73 ,0.75 ,0.56 ,,100.00 ,0.00 ,0.00 ,0.00 ,112.70 ,110.80 ,110.80 
"2024-05-26",06:30,15.59 ,15.42 ,15.74 ,15.68 ,15.53 ,15.86 ,15.86 ,15.73 ,16.13 ,15.83 ,15.69 ,16.08 ,15.26 ,14.71 ,15.86 ,15.68 ,83.85 ,367.45 ,106.67 ,323.38 ,396.31 ,187.85 ,104.68 ,530.05 ,325.41 ,10.00 ,7031.70 ,0.00 ,-999.00 ,-999.00 ,101.59 ,0.20 ,0.20 ,5.02 ,6.82 ,119 ,3.59 ,6.13 ,117 ,0.36 ,15.58 ,15.57 ,15.60 ,16.18 ,16.16 ,16.20 ,15.87 ,15.86 ,15.88 ,-999.00 ,-999.00 ,-999.00 ,11.78 ,10.78 ,15.74 ,15.56 ,15.90 ,-999.00 ,-999.00 ,-999.00 ,-999.00 ,-999.00 ,-999.00 ,15.38 ,15.33 ,15.47 ,-10.24 ,-3.98 ,-9.38 ,13.94 ,0.69 ,0.70 ,0.72 ,0.73 ,0.71 ,0.72 ,0.73 ,0.75 ,0.56 ,,100.00 ,0.00 ,0.00 ,0.00 ,112.70 ,110.80 ,110.70 
"2024-05-26",06:40,16.02 ,15.83 ,16.23 ,16.14 ,15.94 ,16.33 ,16.29 ,16.15 ,16.46 ,16.25 ,16.10 ,16.42 ,15.99 ,15.57 ,16.45 ,16.08 ,82.35 ,438.22 ,124.38 ,330.27 ,400.68 ,243.43 ,146.04 ,551.72 ,332.64 ,10.00 ,6352.70 ,0.00 ,-999.00 ,-999.00 ,101.59 ,0.20 ,0.20 ,4.49 ,7.05 ,122 ,3.78 ,6.88 ,122 ,0.36 ,15.54 ,15.53 ,15.56 ,16.15 ,16.12 ,16.19 ,15.84 ,15.81 ,15.87 ,-999.00 ,-999.00 ,-999.00 ,11.79 ,10.79 ,16.25 ,15.96 ,16.59 ,-999.00 ,-999.00 ,-999.00 ,-999.00 ,-999.00 ,-999.00 ,15.37 ,15.30 ,15.44 ,-9.92 ,-3.98 ,-9.12 ,17.95 ,0.69 ,0.70 ,0.72 ,0.73 ,0.71 ,0.72 ,0.73 ,0.75 ,0.56 ,,100.00 ,0.00 ,0.00 ,0.00 ,112.70 ,110.80 ,110.70 
"2024-05-26",06:50,16.40 ,16.32 ,16.48 ,16.48 ,16.37 ,16.54 ,16.57 ,16.36 ,16.82 ,16.53 ,16.35 ,16.79 ,16.45 ,15.92 ,16.80 ,16.37 ,81.65 ,366.27 ,99.04 ,330.50 ,401.52 ,196.21 ,161.61 ,358.61 ,334.02 ,9.83 ,6160.00 ,0.00 ,-999.00 ,-999.00 ,101.59 ,0.20 ,0.20 ,4.68 ,6.81 ,121 ,3.45 ,5.59 ,123 ,0.36 ,15.54 ,15.51 ,15.58 ,16.15 ,16.13 ,16.16 ,15.86 ,15.83 ,15.89 ,-999.00 ,-999.00 ,-999.00 ,11.76 ,10.78 ,16.92 ,16.65 ,17.10 ,-999.00 ,-999.00 ,-999.00 ,-999.00 ,-999.00 ,-999.00 ,15.36 ,15.33 ,15.41 ,-9.54 ,-3.97 ,-8.80 ,23.51 ,0.69 ,0.70 ,0.72 ,0.73 ,0.71 ,0.72 ,0.73 ,0.75 ,0.56 ,,100.00 ,0.00 ,0.00 ,0.00 ,112.70 ,110.80 ,110.70 
"2024-05-26",07:00,16.29 ,16.24 ,16.36 ,16.32 ,16.27 ,16.43 ,16.32 ,16.18 ,16.50 ,16.28 ,16.15 ,16.46 ,15.92 ,15.70 ,16.38 ,16.15 ,81.22 ,341.26 ,90.05 ,326.91 ,399.38 ,178.74 ,152.20 ,321.29 ,337.63 ,9.33 ,5234.50 ,0.00 ,-999.00 ,-999.00 ,101.59 ,0.20 ,0.20 ,4.83 ,7.92 ,127 ,3.55 ,6.42 ,127 ,0.36 ,15.52 ,15.50 ,15.54 ,16.14 ,16.11 ,16.16 ,15.83 ,15.81 ,15.86 ,-999.00 ,-999.00 ,-999.00 ,11.77 ,10.78 ,17.15 ,17.10 ,17.20 ,-999.00 ,-999.00 ,-999.00 ,-999.00 ,-999.00 ,-999.00 ,15.36 ,15.30 ,15.41 ,-9.11 ,-3.95 ,-8.43 ,28.31 ,0.69 ,0.70 ,0.72 ,0.73 ,0.71 ,0.72 ,0.73 ,0.75 ,0.56 ,,100.00 ,0.00 ,0.00 ,0.00 ,112.70 ,110.70 ,110.70 
"2024-05-26",07:10,16.74 ,16.42 ,17.07 ,16.82 ,16.50 ,17.15 ,16.98 ,16.64 ,17.28 ,16.91 ,16.59 ,17.19 ,17.29 ,16.52 ,17.85 ,16.71 ,81.04 ,506.28 ,138.82 ,330.31 ,406.87 ,290.90 ,152.79 ,574.86 ,335.45 ,10.00 ,6694.60 ,0.00 ,-999.00 ,-999.00 ,101.58 ,0.20 ,0.20 ,4.12 ,6.24 ,128 ,3.24 ,5.39 ,129 ,0.36 ,15.52 ,15.49 ,15.54 ,16.09 ,16.06 ,16.12 ,15.82 ,15.80 ,15.85 ,-999.00 ,-999.00 ,-999.00 ,11.78 ,10.79 ,17.45 ,17.20 ,17.74 ,-999.00 ,-999.00 ,-999.00 ,-999.00 ,-999.00 ,-999.00 ,15.37 ,15.32 ,15.42 ,-8.62 ,-3.91 ,-8.01 ,29.21 ,0.69 ,0.70 ,0.72 ,0.73 ,0.71 ,0.72 ,0.73 ,0.75 ,0.56 ,,100.00 ,0.00 ,0.00 ,0.00 ,112.70 ,110.70 ,110.70 
"2024-05-26",07:20,17.31 ,17.12 ,17.49 ,17.36 ,17.18 ,17.55 ,17.52 ,17.34 ,17.68 ,17.43 ,17.28 ,17.57 ,18.15 ,17.52 ,18.53 ,17.23 ,78.11 ,499.03 ,130.67 ,338.74 ,409.77 ,297.32 ,243.89 ,385.41 ,343.13 ,8.83 ,6312.20 ,0.00 ,-999.00 ,-999.00 ,101.58 ,0.20 ,0.20 ,4.60 ,7.32 ,132 ,3.41 ,6.05 ,133 ,0.36 ,15.53 ,15.51 ,15.56 ,16.11 ,16.09 ,16.14 ,15.84 ,15.83 ,15.87 ,-999.00 ,-999.00 ,-999.00 ,11.78 ,10.79 ,18.26 ,17.83 ,18.60 ,-999.00 ,-999.00 ,-999.00 ,-999.00 ,-999.00 ,-999.00 ,15.37 ,15.29 ,15.44 ,-8.08 ,-3.86 ,-7.53 ,33.09 ,0.69 ,0.70 ,0.72 ,0.73 ,0.71 ,0.72 ,0.73 ,0.75 ,0.56 ,,100.00 ,0.00 ,0.00 ,0.00 ,112.70 ,110.70 ,110.70 
"2024-05-26",07:30,17.28 ,17.08 ,17.75 ,17.32 ,17.11 ,17.77 ,17.29 ,17.04 ,18.01 ,17.25 ,17.02 ,18.00 ,17.39 ,16.97 ,18.30 ,17.09 ,77.59 ,488.70 ,125.03 ,344.25 ,409.14 ,298.78 ,290.82 ,286.69 ,351.81 ,9.17 ,5370.90 ,0.00 ,-999.00 ,-999.00 ,101.59 ,0.20 ,0.20 ,4.93 ,7.05 ,129 ,3.46 ,6.72 ,129 ,0.36 ,15.54 ,15.51 ,15.57 ,16.10 ,16.09 ,16.12 ,15.85 ,15.83 ,15.86 ,-999.00 ,-999.00 ,-999.00 ,11.77 ,10.78 ,18.65 ,18.61 ,18.78 ,-999.00 ,-999.00 ,-999.00 ,-999.00 ,-999.00 ,-999.00 ,15.37 ,15.31 ,15.44 ,-7.49 ,-3.80 ,-6.99 ,39.12 ,0.69 ,0.70 ,0.72 ,0.73 ,0.71 ,0.72 ,0.73 ,0.75 ,0.56 ,,100.00 ,0.00 ,0.00 ,0.00 ,112.70 ,110.70 ,110.70 
"2024-05-26",07:40,17.63 ,17.50 ,17.80 ,17.67 ,17.47 ,17.88 ,17.52 ,17.21 ,17.96 ,17.49 ,17.22 ,17.99 ,17.49 ,16.95 ,18.34 ,17.42 ,76.61 ,335.19 ,79.63 ,347.29 ,407.12 ,195.73 ,286.30 ,57.85 ,354.66 ,5.00 ,5202.20 ,0.00 ,-999.00 ,-999.00 ,101.59 ,0.20 ,0.20 ,4.99 ,7.42 ,122 ,3.50 ,6.77 ,124 ,0.36 ,15.54 ,15.52 ,15.56 ,16.09 ,16.07 ,16.10 ,15.83 ,15.81 ,15.85 ,-999.00 ,-999.00 ,-999.00 ,11.78 ,10.80 ,19.03 ,18.88 ,19.10 ,-999.00 ,-999.00 ,-999.00 ,-999.00 ,-999.00 ,-999.00 ,15.40 ,15.37 ,15.43 ,-6.85 ,-3.72 ,-6.41 ,41.57 ,0.69 ,0.70 ,0.72 ,0.73 ,0.71 ,0.72 ,0.73 ,0.75 ,0.56 ,,100.00 ,0.00 ,0.00 ,0.00 ,112.70 ,110.70 ,110.70 
"2024-05-26",07:50,17.64 ,17.58 ,17.70 ,17.66 ,17.59 ,17.71 ,17.25 ,17.19 ,17.35 ,17.25 ,17.20 ,17.33 ,16.85 ,16.70 ,17.01 ,17.17 ,76.53 ,306.55 ,71.36 ,341.96 ,405.31 ,171.84 ,271.47 ,39.10 ,349.43 ,4.50 ,5003.58 ,0.00 ,-999.00 ,-999.00 ,101.59 ,0.20 ,0.20 ,4.92 ,7.22 ,119 ,3.49 ,5.62 ,120 ,0.36 ,15.57 ,15.54 ,15.60 ,16.08 ,16.07 ,16.09 ,15.85 ,15.83 ,15.87 ,-999.00 ,-999.00 ,-999.00 ,11.79 ,10.80 ,19.00 ,18.92 ,19.03 ,-999.00 ,-999.00 ,-999.00 ,-999.00 ,-999.00 ,-999.00 ,15.38 ,15.25 ,15.47 ,-6.16 ,-3.62 ,-5.77 ,42.55 ,0.69 ,0.70 ,0.72 ,0.73 ,0.71 ,0.72 ,0.73 ,0.75 ,0.56 ,,100.00 ,0.00 ,0.00 ,0.00 ,112.70 ,110.70 ,110.70 
"2024-05-26",08:00,17.70 ,17.60 ,17.98 ,17.75 ,17.62 ,18.13 ,17.49 ,17.23 ,18.04 ,17.47 ,17.22 ,18.03 ,17.46 ,16.74 ,18.81 ,17.36 ,76.44 ,472.64 ,118.23 ,339.14 ,411.15 ,282.40 ,249.39 ,296.49 ,344.15 ,10.00 ,6163.00 ,0.00 ,-999.00 ,-999.00 ,101.58 ,0.20 ,0.20 ,4.15 ,5.78 ,123 ,3.09 ,4.77 ,121 ,0.36 ,15.61 ,15.58 ,15.64 ,16.06 ,16.04 ,16.08 ,15.85 ,15.83 ,15.86 ,-999.00 ,-999.00 ,-999.00 ,11.80 ,10.80 ,18.94 ,18.89 ,19.07 ,-999.00 ,-999.00 ,-999.00 ,-999.00 ,-999.00 ,-999.00 ,15.38 ,15.33 ,15.44 ,-5.42 ,-3.52 ,-5.09 ,40.11 ,0.69 ,0.70 ,0.72 ,0.73 ,0.71 ,0.72 ,0.73 ,0.75 ,0.56 ,,100.00 ,0.00 ,0.00 ,0.00 ,112.70 ,110.70 ,110.70 
"2024-05-26",08:10,18.59 ,18.23 ,19.03 ,18.67 ,18.28 ,19.10 ,18.35 ,17.98 ,18.73 ,18.33 ,17.94 ,18.72 ,19.66 ,19.03 ,20.35 ,18.25 ,73.17 ,702.96 ,181.34 ,345.69 ,424.19 ,443.12 ,249.53 ,584.88 ,347.29 ,10.00 ,4352.90 ,0.00 ,-999.00 ,-999.00 ,101.58 ,0.20 ,0.20 ,4.57 ,6.20 ,118 ,3.58 ,5.77 ,116 ,0.36 ,15.60 ,15.58 ,15.62 ,16.03 ,15.99 ,16.09 ,15.82 ,15.81 ,15.85 ,-999.00 ,-999.00 ,-999.00 ,11.80 ,10.81 ,19.65 ,19.18 ,20.12 ,-999.00 ,-999.00 ,-999.00 ,-999.00 ,-999.00 ,-999.00 ,15.40 ,15.33 ,15.48 ,-4.64 ,-3.39 ,-4.35 ,39.81 ,0.69 ,0.70 ,0.72 ,0.73 ,0.71 ,0.72 ,0.73 ,0.75 ,0.56 ,,100.00 ,0.00 ,0.00 ,0.00 ,112.70 ,110.70 ,110.70 
"2024-05-26",08:20,18.88 ,18.71 ,19.09 ,18.94 ,18.71 ,19.18 ,18.45 ,18.03 ,18.93 ,18.43 ,18.04 ,18.93 ,19.34 ,18.27 ,20.43 ,18.36 ,72.07 ,455.85 ,111.06 ,351.96 ,418.28 ,278.47 ,307.79 ,169.06 ,358.49 ,4.83 ,6299.50 ,0.00 ,-999.00 ,-999.00 ,101.58 ,0.20 ,0.20 ,4.64 ,6.93 ,123 ,3.32 ,5.46 ,124 ,0.36 ,15.62 ,15.61 ,15.64 ,16.03 ,16.02 ,16.05 ,15.83 ,15.81 ,15.85 ,-999.00 ,-999.00 ,-999.00 ,11.79 ,10.80 ,20.58 ,20.23 ,20.72 ,-999.00 ,-999.00 ,-999.00 ,-999.00 ,-999.00 ,-999.00 ,15.40 ,15.35 ,15.48 ,-3.83 ,-3.26 ,-3.58 ,47.32 ,0.69 ,0.70 ,0.72 ,0.73 ,0.71 ,0.72 ,0.73 ,0.75 ,0.56 ,,100.00 ,0.00 ,0.00 ,0.00 ,112.70 ,110.70 ,110.70 
"2024-05-26",08:30,18.58 ,18.33 ,18.75 ,18.61 ,18.30 ,18.80 ,18.07 ,17.91 ,18.29 ,18.05 ,17.89 ,18.27 ,18.19 ,17.93 ,18.52 ,18.00 ,73.10 ,408.55 ,97.62 ,360.03 ,414.90 ,256.06 ,332.35 ,84.34 ,367.87 ,2.67 ,7077.10 ,0.00 ,-999.00 ,-999.00 ,101.58 ,0.20 ,0.20 ,4.54 ,6.63 ,126 ,3.25 ,5.48 ,124 ,0.36 ,15.66 ,15.63 ,15.68 ,16.03 ,16.02 ,16.05 ,15.83 ,15.81 ,15.84 ,-999.00 ,-999.00 ,-999.00 ,11.79 ,10.79 ,20.59 ,20.54 ,20.65 ,-999.00 ,-999.00 ,-999.00 ,-999.00 ,-999.00 ,-999.00 ,15.39 ,15.33 ,15.42 ,-3.03 ,-3.11 ,-2.81 ,52.53 ,0.69 ,0.70 ,0.72 ,0.73 ,0.71 ,0.72 ,0.72 ,0.75 ,0.56 ,,100.00 ,0.00 ,0.00 ,0.00 ,112.70 ,110.70 ,110.70 
"2024-05-26",08:40,18.53 ,18.41 ,18.68 ,18.55 ,18.43 ,18.69 ,18.15 ,18.04 ,18.33 ,18.14 ,18.03 ,18.32 ,18.00 ,17.91 ,18.13 ,18.08 ,74.18 ,337.64 ,77.04 ,363.27 ,413.59 ,210.29 ,332.07 ,0.80 ,378.99 ,0.00 ,7202.70 ,0.00 ,-999.00 ,-999.00 ,101.58 ,0.20 ,0.20 ,4.05 ,6.21 ,124 ,3.15 ,5.30 ,123 ,0.36 ,15.69 ,15.67 ,15.73 ,16.01 ,15.99 ,16.04 ,15.83 ,15.82 ,15.84 ,-999.00 ,-999.00 ,-999.00 ,11.80 ,10.79 ,20.54 ,20.46 ,20.61 ,-999.00 ,-999.00 ,-999.00 ,-999.00 ,-999.00 ,-999.00 ,15.40 ,15.35 ,15.45 ,-2.23 ,-2.96 ,-2.04 ,51.10 ,0.69 ,0.70 ,0.72 ,0.73 ,0.71 ,0.72 ,0.72 ,0.75 ,0.56 ,,100.00 ,0.00 ,0.00 ,0.00 ,112.70 ,110.70 ,110.70 
"2024-05-26",08:50,18.72 ,18.56 ,18.89 ,18.77 ,18.57 ,18.91 ,18.43 ,18.35 ,18.49 ,18.43 ,18.35 ,18.48 ,18.18 ,18.10 ,18.42 ,18.39 ,73.54 ,354.56 ,80.73 ,363.28 ,415.45 ,221.65 ,348.41 ,1.84 ,372.41 ,0.00 ,6653.50 ,0.00 ,-999.00 ,-999.00 ,101.57 ,0.20 ,0.20 ,3.89 ,5.62 ,123 ,2.94 ,5.14 ,121 ,0.36 ,15.72 ,15.71 ,15.74 ,15.99 ,15.97 ,16.01 ,15.82 ,15.80 ,15.84 ,-999.00 ,-999.00 ,-999.00 ,11.80 ,10.79 ,20.47 ,20.45 ,20.51 ,-999.00 ,-999.00 ,-999.00 ,-999.00 ,-999.00 ,-999.00 ,15.42 ,15.36 ,15.47 ,-1.40 ,-2.79 ,-1.25 ,48.34 ,0.69 ,0.70 ,0.72 ,0.73 ,0.71 ,0.72 ,0.73 ,0.75 ,0.56 ,,100.00 ,0.00 ,0.00 ,0.00 ,112.70 ,110.60 ,110.60 
"2024-05-26",09:00,18.93 ,18.87 ,19.01 ,19.00 ,18.91 ,19.12 ,18.62 ,18.53 ,18.71 ,18.62 ,18.54 ,18.72 ,18.70 ,18.48 ,18.83 ,18.59 ,72.01 ,394.82 ,91.55 ,363.37 ,418.56 ,248.08 ,360.62 ,30.86 ,372.13 ,0.00 ,7257.30 ,0.00 ,-999.00 ,-999.00 ,101.56 ,0.20 ,0.20 ,4.41 ,6.52 ,125 ,3.23 ,5.53 ,120 ,0.36 ,15.76 ,15.73 ,15.78 ,15.98 ,15.96 ,16.00 ,15.81 ,15.79 ,15.82 ,-999.00 ,-999.00 ,-999.00 ,11.79 ,10.79 ,20.53 ,20.46 ,20.65 ,-999.00 ,-999.00 ,-999.00 ,-999.00 ,-999.00 ,-999.00 ,15.39 ,15.33 ,15.44 ,-0.55 ,-2.62 ,-0.42 ,45.97 ,0.69 ,0.70 ,0.72 ,0.73 ,0.71 ,0.72 ,0.72 ,0.75 ,0.56 ,,100.00 ,0.00 ,0.00 ,0.00 ,112.70 ,110.60 ,110.60 
"2024-05-26",09:10,19.25 ,18.95 ,19.54 ,19.30 ,18.94 ,19.63 ,19.01 ,18.78 ,19.24 ,19.00 ,18.75 ,19.26 ,19.38 ,18.82 ,19.69 ,18.94 ,72.10 ,461.84 ,109.18 ,369.13 ,423.03 ,298.77 ,385.74 ,76.43 ,377.73 ,1.50 ,7336.70 ,0.00 ,-999.00 ,-999.00 ,101.55 ,0.20 ,0.20 ,3.87 ,6.64 ,119 ,3.00 ,4.65 ,121 ,0.36 ,15.81 ,15.78 ,15.82 ,15.98 ,15.96 ,15.99 ,15.80 ,15.78 ,15.82 ,-999.00 ,-999.00 ,-999.00 ,11.80 ,10.79 ,20.77 ,20.64 ,20.98 ,-999.00 ,-999.00 ,-999.00 ,-999.00 ,-999.00 ,-999.00 ,15.41 ,15.37 ,15.44 ,0.30 ,-2.44 ,0.41 ,45.41 ,0.69 ,0.70 ,0.72 ,0.73 ,0.71 ,0.72 ,0.72 ,0.75 ,0.56 ,,100.00 ,0.00 ,0.00 ,0.00 ,112.70 ,110.60 ,110.60 
"2024-05-26",09:20,19.54 ,19.49 ,19.59 ,19.58 ,19.49 ,19.66 ,18.98 ,18.93 ,19.07 ,19.00 ,18.94 ,19.08 ,18.98 ,18.72 ,19.40 ,18.98 ,71.40 ,356.39 ,83.36 ,369.96 ,418.02 ,224.97 ,334.18 ,6.05 ,381.80 ,0.00 ,5818.30 ,0.00 ,-999.00 ,-999.00 ,101.55 ,0.20 ,0.20 ,4.44 ,6.09 ,116 ,3.32 ,4.95 ,112 ,0.36 ,15.84 ,15.81 ,15.87 ,15.97 ,15.95 ,16.01 ,15.78 ,15.76 ,15.81 ,-999.00 ,-999.00 ,-999.00 ,11.80 ,10.80 ,21.02 ,20.97 ,21.04 ,-999.00 ,-999.00 ,-999.00 ,-999.00 ,-999.00 ,-999.00 ,15.37 ,15.31 ,15.41 ,1.14 ,-2.26 ,1.23 ,46.70 ,0.69 ,0.70 ,0.72 ,0.73 ,0.71 ,0.72 ,0.72 ,0.75 ,0.56 ,,100.00 ,0.00 ,0.00 ,0.00 ,112.70 ,110.60 ,110.60 
"2024-05-26",09:30,19.50 ,19.37 ,19.58 ,19.53 ,19.39 ,19.63 ,19.12 ,19.00 ,19.31 ,19.12 ,19.01 ,19.30 ,19.09 ,18.91 ,19.25 ,19.08 ,71.54 ,357.83 ,83.58 ,370.78 ,419.78 ,225.25 ,344.78 ,5.84 ,383.67 ,0.00 ,7458.20 ,0.00 ,-999.00 ,-999.00 ,101.54 ,0.20 ,0.20 ,4.01 ,5.45 ,122 ,2.97 ,5.15 ,118 ,0.36 ,15.88 ,15.85 ,15.90 ,15.95 ,15.92 ,15.97 ,15.79 ,15.77 ,15.80 ,-999.00 ,-999.00 ,-999.00 ,11.79 ,10.80 ,20.99 ,20.97 ,21.02 ,-999.00 ,-999.00 ,-999.00 ,-999.00 ,-999.00 ,-999.00 ,15.40 ,15.35 ,15.42 ,1.95 ,-2.06 ,2.02 ,46.49 ,0.69 ,0.70 ,0.72 ,0.73 ,0.71 ,0.72 ,0.72 ,0.75 ,0.56 ,,100.00 ,0.00 ,0.00 ,0.00 ,112.70 ,110.60 ,110.60 
"2024-05-26",09:40,19.79 ,19.56 ,20.11 ,19.85 ,19.63 ,20.17 ,19.49 ,19.26 ,19.72 ,19.50 ,19.28 ,19.72 ,19.80 ,19.31 ,20.12 ,19.48 ,70.32 ,451.04 ,105.03 ,371.70 ,425.53 ,292.18 ,435.59 ,7.40 ,382.45 ,0.00 ,7266.50 ,0.00 ,-999.00 ,-999.00 ,101.52 ,0.20 ,0.20 ,3.31 ,5.67 ,114 ,2.46 ,5.19 ,114 ,0.36 ,15.92 ,15.88 ,15.93 ,15.92 ,15.89 ,15.94 ,15.77 ,15.75 ,15.80 ,-999.00 ,-999.00 ,-999.00 ,11.81 ,10.83 ,21.14 ,21.00 ,21.30 ,-999.00 ,-999.00 ,-999.00 ,-999.00 ,-999.00 ,-999.00 ,15.38 ,15.34 ,15.42 ,2.73 ,-1.87 ,2.77 ,45.31 ,0.69 ,0.70 ,0.72 ,0.73 ,0.71 ,0.72 ,0.72 ,0.75 ,0.56 ,,100.00 ,0.00 ,0.00 ,0.00 ,112.70 ,110.60 ,110.60 
"2024-05-26",09:50,20.20 ,20.11 ,20.30 ,20.24 ,20.14 ,20.32 ,19.71 ,19.62 ,19.81 ,19.71 ,19.63 ,19.81 ,20.25 ,20.09 ,20.38 ,19.70 ,69.30 ,478.97 ,111.19 ,373.48 ,428.21 ,313.05 ,464.31 ,5.04 ,384.49 ,0.00 ,7172.90 ,0.00 ,-999.00 ,-999.00 ,101.52 ,0.20 ,0.20 ,3.91 ,5.53 ,119 ,2.78 ,5.05 ,118 ,0.36 ,15.95 ,15.93 ,15.97 ,15.89 ,15.87 ,15.93 ,15.76 ,15.74 ,15.77 ,-999.00 ,-999.00 ,-999.00 ,11.83 ,10.82 ,21.54 ,21.35 ,21.73 ,-999.00 ,-999.00 ,-999.00 ,-999.00 ,-999.00 ,-999.00 ,15.41 ,15.32 ,15.45 ,3.48 ,-1.67 ,3.50 ,46.36 ,0.69 ,0.70 ,0.72 ,0.73 ,0.71 ,0.72 ,0.72 ,0.75 ,0.57 ,,100.00 ,0.00 ,0.00 ,0.00 ,112.70 ,110.60 ,110.60 
"2024-05-26",10:00,20.34 ,20.21 ,20.41 ,20.39 ,20.24 ,20.50 ,19.97 ,19.81 ,20.19 ,19.97 ,19.79 ,20.18 ,20.59 ,20.37 ,20.72 ,19.93 ,68.84 ,507.40 ,117.88 ,374.55 ,430.30 ,333.77 ,478.98 ,17.64 ,392.29 ,0.00 ,7225.00 ,0.00 ,-999.00 ,-999.00 ,101.52 ,0.20 ,0.20 ,3.76 ,5.93 ,123 ,2.91 ,4.74 ,123 ,0.36 ,16.01 ,15.96 ,16.04 ,15.92 ,15.89 ,15.94 ,15.76 ,15.75 ,15.79 ,-999.00 ,-999.00 ,-999.00 ,11.83 ,10.83 ,21.94 ,21.75 ,22.11 ,-999.00 ,-999.00 ,-999.00 ,-999.00 ,-999.00 ,-999.00 ,15.42 ,15.37 ,15.49 ,4.20 ,-1.46 ,4.21 ,49.36 ,0.69 ,0.70 ,0.72 ,0.73 ,0.71 ,0.72 ,0.72 ,0.75 ,0.57 ,,100.00 ,0.00 ,0.00 ,0.00 ,112.70 ,110.60 ,110.60 
"2024-05-26",10:10,20.58 ,20.27 ,20.73 ,20.62 ,20.31 ,20.80 ,20.33 ,20.00 ,20.63 ,20.33 ,19.97 ,20.62 ,21.09 ,20.59 ,21.56 ,20.29 ,66.67 ,632.32 ,147.22 ,375.39 ,434.42 ,426.07 ,516.86 ,103.96 ,386.87 ,2.33 ,7458.80 ,0.00 ,-999.00 ,-999.00 ,101.52 ,0.20 ,0.20 ,3.77 ,5.83 ,129 ,3.01 ,4.80 ,132 ,0.36 ,16.07 ,16.05 ,16.12 ,15.93 ,15.91 ,15.95 ,15.77 ,15.75 ,15.79 ,-999.00 ,-999.00 ,-999.00 ,11.82 ,10.81 ,22.36 ,22.12 ,22.70 ,-999.00 ,-999.00 ,-999.00 ,-999.00 ,-999.00 ,-999.00 ,15.42 ,15.35 ,15.48 ,4.90 ,-1.26 ,4.89 ,52.61 ,0.69 ,0.70 ,0.72 ,0.73 ,0.71 ,0.72 ,0.72 ,0.75 ,0.57 ,,100.00 ,0.00 ,0.00 ,0.00 ,112.70 ,110.50 ,110.60 
"2024-05-26",10:20,20.68 ,20.57 ,20.77 ,20.72 ,20.63 ,20.82 ,20.53 ,20.39 ,20.77 ,20.50 ,20.35 ,20.76 ,21.09 ,20.98 ,21.23 ,20.47 ,64.02 ,603.96 ,138.77 ,374.40 ,432.23 ,407.35 ,503.78 ,96.23 ,385.48 ,2.17 ,7311.50 ,0.00 ,-999.00 ,-999.00 ,101.52 ,0.20 ,0.20 ,4.69 ,6.40 ,136 ,3.44 ,5.28 ,136 ,0.36 ,16.12 ,16.10 ,16.16 ,15.90 ,15.88 ,15.93 ,15.75 ,15.73 ,15.77 ,-999.00 ,-999.00 ,-999.00 ,11.82 ,10.83 ,22.86 ,22.73 ,22.98 ,-999.00 ,-999.00 ,-999.00 ,-999.00 ,-999.00 ,-999.00 ,15.38 ,15.31 ,15.44 ,5.57 ,-1.06 ,5.54 ,56.82 ,0.69 ,0.70 ,0.72 ,0.73 ,0.71 ,0.72 ,0.72 ,0.75 ,0.57 ,,100.00 ,0.00 ,0.00 ,0.00 ,112.70 ,110.50 ,110.50 
"2024-05-26",10:30,20.71 ,20.57 ,20.87 ,20.68 ,20.52 ,20.84 ,20.61 ,20.50 ,20.78 ,20.58 ,20.46 ,20.76 ,21.17 ,20.69 ,21.53 ,20.56 ,63.57 ,539.65 ,123.11 ,377.68 ,431.77 ,362.45 ,476.53 ,38.91 ,389.89 ,1.00 ,7048.30 ,0.00 ,-999.00 ,-999.00 ,101.51 ,0.20 ,0.20 ,4.26 ,6.16 ,142 ,3.36 ,5.44 ,140 ,0.36 ,16.16 ,16.12 ,16.19 ,15.89 ,15.88 ,15.90 ,15.73 ,15.71 ,15.76 ,-999.00 ,-999.00 ,-999.00 ,11.82 ,10.81 ,23.18 ,22.99 ,23.24 ,-999.00 ,-999.00 ,-999.00 ,-999.00 ,-999.00 ,-999.00 ,15.42 ,15.36 ,15.52 ,6.24 ,-0.85 ,6.20 ,59.72 ,0.69 ,0.70 ,0.72 ,0.73 ,0.71 ,0.72 ,0.72 ,0.75 ,0.57 ,,100.00 ,0.00 ,0.00 ,0.00 ,112.70 ,110.50 ,110.50 
"2024-05-26",10:40,20.66 ,20.53 ,20.77 ,20.65 ,20.51 ,20.76 ,20.56 ,20.48 ,20.65 ,20.53 ,20.44 ,20.64 ,20.75 ,20.49 ,20.92 ,20.51 ,65.20 ,464.61 ,104.96 ,380.09 ,429.73 ,310.00 ,452.19 ,2.97 ,390.83 ,0.00 ,6866.10 ,0.00 ,-999.00 ,-999.00 ,101.52 ,0.20 ,0.20 ,4.06 ,6.15 ,139 ,2.84 ,4.85 ,143 ,0.36 ,16.21 ,16.17 ,16.27 ,15.89 ,15.88 ,15.90 ,15.73 ,15.72 ,15.75 ,-999.00 ,-999.00 ,-999.00 ,11.80 ,10.81 ,23.18 ,23.14 ,23.21 ,-999.00 ,-999.00 ,-999.00 ,-999.00 ,-999.00 ,-999.00 ,15.41 ,15.38 ,15.46 ,6.92 ,-0.65 ,6.87 ,60.56 ,0.69 ,0.70 ,0.72 ,0.73 ,0.71 ,0.72 ,0.72 ,0.75 ,0.57 ,,100.00 ,0.00 ,0.00 ,0.00 ,112.70 ,110.50 ,110.50 
"2024-05-26",10:50,20.51 ,20.39 ,20.59 ,20.52 ,20.42 ,20.62 ,20.41 ,20.33 ,20.49 ,20.38 ,20.31 ,20.46 ,20.42 ,20.39 ,20.49 ,20.36 ,63.46 ,457.97 ,103.72 ,379.92 ,428.12 ,306.05 ,444.11 ,4.84 ,390.96 ,0.00 ,6483.40 ,0.00 ,-999.00 ,-999.00 ,101.52 ,0.20 ,0.20 ,4.40 ,6.18 ,140 ,3.24 ,5.73 ,139 ,0.36 ,16.27 ,16.24 ,16.31 ,15.89 ,15.87 ,15.93 ,15.73 ,15.71 ,15.75 ,-999.00 ,-999.00 ,-999.00 ,11.81 ,10.81 ,23.10 ,23.05 ,23.13 ,-999.00 ,-999.00 ,-999.00 ,-999.00 ,-999.00 ,-999.00 ,15.41 ,15.37 ,15.46 ,7.63 ,-0.45 ,7.56 ,58.65 ,0.69 ,0.70 ,0.72 ,0.73 ,0.71 ,0.72 ,0.72 ,0.75 ,0.57 ,,100.00 ,0.00 ,0.00 ,0.00 ,112.70 ,110.50 ,110.50 
"2024-05-26",11:00,20.51 ,20.44 ,20.63 ,20.51 ,20.42 ,20.62 ,20.55 ,20.48 ,20.68 ,20.51 ,20.43 ,20.64 ,20.48 ,20.39 ,20.57 ,20.45 ,64.97 ,426.72 ,96.82 ,384.16 ,427.67 ,286.39 ,417.27 ,1.44 ,394.16 ,0.00 ,5706.70 ,0.00 ,-999.00 ,-999.00 ,101.51 ,0.20 ,0.20 ,3.66 ,5.55 ,144 ,2.79 ,4.66 ,145 ,0.36 ,16.33 ,16.31 ,16.36 ,15.89 ,15.87 ,15.91 ,15.72 ,15.70 ,15.74 ,-999.00 ,-999.00 ,-999.00 ,11.82 ,10.81 ,23.03 ,22.99 ,23.08 ,-999.00 ,-999.00 ,-999.00 ,-999.00 ,-999.00 ,-999.00 ,15.41 ,15.32 ,15.47 ,8.36 ,-0.24 ,8.29 ,55.77 ,0.69 ,0.70 ,0.72 ,0.73 ,0.71 ,0.72 ,0.72 ,0.75 ,0.57 ,,100.00 ,0.00 ,0.00 ,0.00 ,112.70 ,110.40 ,110.40 
"2024-05-26",11:10,20.67 ,20.54 ,20.80 ,20.67 ,20.56 ,20.79 ,20.75 ,20.63 ,20.92 ,20.70 ,20.57 ,20.88 ,20.94 ,20.59 ,21.23 ,20.66 ,63.72 ,517.20 ,117.21 ,384.65 ,430.57 ,354.08 ,495.60 ,9.61 ,395.24 ,0.00 ,7343.40 ,0.00 ,-999.00 ,-999.00 ,101.51 ,0.20 ,0.20 ,4.17 ,5.99 ,160 ,3.14 ,5.17 ,159 ,0.36 ,16.40 ,16.37 ,16.44 ,15.89 ,15.87 ,15.92 ,15.72 ,15.71 ,15.74 ,-999.00 ,-999.00 ,-999.00 ,11.81 ,10.80 ,23.07 ,22.98 ,23.17 ,-999.00 ,-999.00 ,-999.00 ,-999.00 ,-999.00 ,-999.00 ,15.40 ,15.36 ,15.45 ,9.11 ,-0.03 ,9.04 ,53.31 ,0.69 ,0.70 ,0.72 ,0.73 ,0.71 ,0.72 ,0.72 ,0.75 ,0.57 ,,100.00 ,0.00 ,0.00 ,0.00 ,112.70 ,110.40 ,110.40 
"2024-05-26",11:20,20.88 ,20.69 ,21.10 ,20.88 ,20.68 ,21.09 ,20.93 ,20.77 ,21.15 ,20.90 ,20.72 ,21.13 ,21.25 ,21.00 ,21.56 ,20.86 ,62.99 ,536.45 ,121.15 ,385.09 ,432.41 ,367.98 ,496.58 ,26.70 ,398.64 ,0.33 ,7960.90 ,0.00 ,-999.00 ,-999.00 ,101.50 ,0.20 ,0.20 ,4.52 ,6.16 ,146 ,3.14 ,4.76 ,149 ,0.36 ,16.46 ,16.43 ,16.49 ,15.90 ,15.88 ,15.91 ,15.72 ,15.71 ,15.74 ,-999.00 ,-999.00 ,-999.00 ,11.81 ,10.79 ,23.27 ,23.17 ,23.44 ,-999.00 ,-999.00 ,-999.00 ,-999.00 ,-999.00 ,-999.00 ,15.41 ,15.33 ,15.45 ,9.85 ,0.17 ,9.78 ,52.77 ,0.69 ,0.70 ,0.72 ,0.73 ,0.71 ,0.72 ,0.72 ,0.75 ,0.57 ,,100.00 ,0.00 ,0.00 ,0.00 ,112.70 ,110.40 ,110.40 
"2024-05-26",11:30,20.75 ,20.65 ,20.86 ,20.75 ,20.63 ,20.87 ,20.77 ,20.62 ,20.89 ,20.73 ,20.59 ,20.85 ,21.00 ,20.87 ,21.24 ,20.70 ,63.18 ,409.70 ,92.68 ,387.34 ,428.64 ,275.71 ,400.84 ,0.73 ,399.70 ,0.00 ,7900.00 ,0.00 ,-999.00 ,-999.00 ,101.50 ,0.20 ,0.20 ,3.86 ,5.97 ,146 ,2.85 ,5.63 ,149 ,0.36 ,16.53 ,16.49 ,16.59 ,15.91 ,15.88 ,15.93 ,15.70 ,15.68 ,15.72 ,-999.00 ,-999.00 ,-999.00 ,11.80 ,10.80 ,23.36 ,23.30 ,23.46 ,-999.00 ,-999.00 ,-999.00 ,-999.00 ,-999.00 ,-999.00 ,15.40 ,15.32 ,15.44 ,10.56 ,0.39 ,10.49 ,53.37 ,0.69 ,0.70 ,0.72 ,0.73 ,0.71 ,0.72 ,0.72 ,0.75 ,0.57 ,,100.00 ,0.00 ,0.00 ,0.00 ,112.70 ,110.40 ,110.40 
"2024-05-26",11:40,20.60 ,20.42 ,20.82 ,20.61 ,20.45 ,20.82 ,20.69 ,20.57 ,20.90 ,20.65 ,20.51 ,20.87 ,20.48 ,20.18 ,20.96 ,20.61 ,63.27 ,383.53 ,84.75 ,387.74 ,425.59 ,260.93 ,374.66 ,0.31 ,397.15 ,0.00 ,7999.00 ,0.00 ,-999.00 ,-999.00 ,101.49 ,0.20 ,0.20 ,4.30 ,6.29 ,156 ,3.21 ,5.66 ,154 ,0.36 ,16.60 ,16.57 ,16.64 ,15.90 ,15.89 ,15.92 ,15.70 ,15.68 ,15.72 ,-999.00 ,-999.00 ,-999.00 ,11.81 ,10.81 ,23.25 ,23.13 ,23.35 ,-999.00 ,-999.00 ,-999.00 ,-999.00 ,-999.00 ,-999.00 ,15.40 ,15.35 ,15.46 ,11.22 ,0.61 ,11.16 ,52.08 ,0.69 ,0.70 ,0.72 ,0.73 ,0.71 ,0.72 ,0.72 ,0.75 ,0.57 ,,100.00 ,0.00 ,0.00 ,0.00 ,112.70 ,110.30 ,110.30 
"2024-05-26",11:50,20.51 ,20.46 ,20.55 ,20.52 ,20.49 ,20.59 ,20.62 ,20.60 ,20.67 ,20.59 ,20.55 ,20.63 ,20.21 ,20.07 ,20.42 ,20.51 ,64.23 ,337.60 ,72.92 ,388.31 ,424.43 ,228.57 ,328.81 ,1.51 ,398.61 ,0.00 ,7861.60 ,0.00 ,-999.00 ,-999.00 ,101.49 ,0.20 ,0.20 ,3.89 ,5.89 ,154 ,2.95 ,5.05 ,156 ,0.36 ,16.66 ,16.62 ,16.69 ,15.91 ,15.88 ,15.93 ,15.70 ,15.69 ,15.71 ,-999.00 ,-999.00 ,-999.00 ,11.82 ,10.80 ,23.06 ,22.96 ,23.15 ,-999.00 ,-999.00 ,-999.00 ,-999.00 ,-999.00 ,-999.00 ,15.38 ,15.34 ,15.46 ,11.83 ,0.84 ,11.79 ,49.02 ,0.69 ,0.70 ,0.72 ,0.73 ,0.71 ,0.72 ,0.72 ,0.75 ,0.57 ,,100.00 ,0.00 ,0.00 ,0.00 ,112.70 ,110.30 ,110.30 
"2024-05-26",12:00,20.16 ,19.90 ,20.40 ,20.14 ,19.89 ,20.37 ,20.28 ,20.02 ,20.50 ,20.23 ,19.98 ,20.45 ,19.41 ,18.86 ,19.99 ,20.18 ,65.76 ,166.45 ,34.12 ,391.11 ,416.08 ,107.36 ,160.53 ,0.00 ,396.25 ,0.00 ,7946.20 ,0.00 ,-999.00 ,-999.00 ,101.50 ,0.20 ,0.20 ,4.29 ,6.05 ,166 ,2.95 ,4.63 ,168 ,0.36 ,16.74 ,16.69 ,16.77 ,15.91 ,15.90 ,15.92 ,15.69 ,15.66 ,15.73 ,-999.00 ,-999.00 ,-999.00 ,11.82 ,10.81 ,22.66 ,22.36 ,22.94 ,-999.00 ,-999.00 ,-999.00 ,-999.00 ,-999.00 ,-999.00 ,15.42 ,15.32 ,15.48 ,12.41 ,1.06 ,12.39 ,45.03 ,0.69 ,0.70 ,0.72 ,0.73 ,0.72 ,0.72 ,0.72 ,0.75 ,0.57 ,,100.00 ,0.00 ,0.00 ,0.00 ,112.70 ,110.30 ,110.30 
"2024-05-26",12:10,19.58 ,19.30 ,19.86 ,19.59 ,19.23 ,19.84 ,19.53 ,18.90 ,19.93 ,19.50 ,18.88 ,19.90 ,18.20 ,17.69 ,18.68 ,19.43 ,69.24 ,156.70 ,31.92 ,392.09 ,410.74 ,106.14 ,156.02 ,0.00 ,404.25 ,0.00 ,7266.60 ,0.00 ,-999.00 ,-999.00 ,101.48 ,0.20 ,0.20 ,4.17 ,6.34 ,150 ,2.86 ,5.94 ,147 ,0.36 ,16.82 ,16.76 ,16.85 ,15.91 ,15.89 ,15.94 ,15.70 ,15.67 ,15.72 ,-999.00 ,-999.00 ,-999.00 ,11.83 ,10.82 ,21.99 ,21.75 ,22.30 ,-999.00 ,-999.00 ,-999.00 ,-999.00 ,-999.00 ,-999.00 ,15.41 ,15.35 ,15.44 ,12.95 ,1.29 ,12.95 ,37.99 ,0.69 ,0.70 ,0.72 ,0.73 ,0.72 ,0.72 ,0.72 ,0.75 ,0.57 ,,100.00 ,0.00 ,0.00 ,0.00 ,112.70 ,110.30 ,110.30 
"2024-05-26",12:20,18.64 ,18.54 ,18.85 ,18.64 ,18.57 ,18.90 ,18.68 ,18.57 ,18.75 ,18.66 ,18.58 ,18.73 ,17.61 ,17.41 ,17.88 ,18.65 ,72.70 ,189.33 ,43.07 ,382.90 ,410.25 ,118.91 ,188.09 ,0.00 ,401.17 ,0.00 ,7452.60 ,0.08 ,-999.00 ,-999.00 ,101.45 ,0.20 ,0.20 ,3.00 ,3.89 ,175 ,1.82 ,3.24 ,179 ,0.36 ,16.87 ,16.83 ,16.91 ,15.92 ,15.89 ,15.95 ,15.68 ,15.64 ,15.70 ,-999.00 ,-999.00 ,-999.00 ,11.83 ,10.82 ,21.63 ,21.59 ,21.69 ,-999.00 ,-999.00 ,-999.00 ,-999.00 ,-999.00 ,-999.00 ,15.42 ,15.35 ,15.50 ,13.45 ,1.51 ,13.47 ,29.98 ,0.69 ,0.70 ,0.72 ,0.73 ,0.72 ,0.72 ,0.72 ,0.75 ,0.57 ,,100.00 ,0.00 ,0.08 ,0.08 ,112.80 ,110.30 ,110.30 
"2024-05-26",12:30,18.81 ,18.68 ,18.94 ,18.82 ,18.63 ,18.98 ,18.88 ,18.72 ,19.00 ,18.88 ,18.72 ,19.01 ,18.19 ,17.92 ,18.51 ,18.87 ,75.38 ,183.25 ,42.53 ,384.76 ,413.19 ,112.29 ,179.48 ,0.00 ,390.35 ,0.00 ,7602.70 ,0.00 ,-999.00 ,-999.00 ,101.44 ,0.20 ,0.20 ,2.04 ,2.82 ,181 ,1.42 ,2.10 ,182 ,0.36 ,16.95 ,16.92 ,16.99 ,15.93 ,15.90 ,15.96 ,15.68 ,15.65 ,15.70 ,-999.00 ,-999.00 ,-999.00 ,11.82 ,10.82 ,21.53 ,21.50 ,21.58 ,-999.00 ,-999.00 ,-999.00 ,-999.00 ,-999.00 ,-999.00 ,15.38 ,15.33 ,15.44 ,13.89 ,1.74 ,13.93 ,25.57 ,0.69 ,0.70 ,0.72 ,0.73 ,0.72 ,0.72 ,0.72 ,0.75 ,0.57 ,,100.00 ,0.00 ,0.00 ,0.00 ,112.80 ,110.30 ,110.30 
"2024-05-26",12:40,19.19 ,19.03 ,19.36 ,19.19 ,19.02 ,19.36 ,19.26 ,19.06 ,19.58 ,19.25 ,19.05 ,19.57 ,19.04 ,18.58 ,19.70 ,19.25 ,73.85 ,263.80 ,61.06 ,385.90 ,419.81 ,168.83 ,258.83 ,0.28 ,393.34 ,0.00 ,7472.60 ,0.00 ,-999.00 ,-999.00 ,101.42 ,0.20 ,0.20 ,1.24 ,1.94 ,174 ,1.02 ,1.95 ,174 ,0.36 ,17.01 ,16.98 ,17.04 ,15.94 ,15.92 ,15.96 ,15.68 ,15.67 ,15.71 ,-999.00 ,-999.00 ,-999.00 ,11.82 ,10.80 ,21.58 ,21.50 ,21.70 ,-999.00 ,-999.00 ,-999.00 ,-999.00 ,-999.00 ,-999.00 ,15.41 ,15.35 ,15.47 ,14.24 ,1.96 ,14.32 ,24.26 ,0.69 ,0.70 ,0.72 ,0.73 ,0.72 ,0.72 ,0.72 ,0.75 ,0.57 ,,100.00 ,0.00 ,0.00 ,0.00 ,112.80 ,110.30 ,110.30 
"2024-05-26",12:50,19.59 ,19.36 ,19.75 ,19.59 ,19.35 ,19.77 ,19.74 ,19.43 ,19.92 ,19.74 ,19.39 ,19.96 ,20.46 ,19.88 ,20.86 ,19.74 ,67.58 ,330.51 ,75.66 ,382.49 ,425.57 ,211.77 ,320.61 ,0.43 ,393.82 ,0.00 ,7338.10 ,0.00 ,-999.00 ,-999.00 ,101.41 ,0.20 ,0.20 ,0.94 ,1.46 ,137 ,0.79 ,1.44 ,140 ,0.36 ,17.08 ,17.05 ,17.11 ,15.95 ,15.92 ,15.97 ,15.68 ,15.67 ,15.69 ,-999.00 ,-999.00 ,-999.00 ,11.83 ,10.80 ,21.97 ,21.73 ,22.19 ,-999.00 ,-999.00 ,-999.00 ,-999.00 ,-999.00 ,-999.00 ,15.43 ,15.37 ,15.46 ,14.49 ,2.18 ,14.60 ,25.92 ,0.69 ,0.70 ,0.72 ,0.73 ,0.72 ,0.72 ,0.72 ,0.75 ,0.57 ,,100.00 ,0.00 ,0.00 ,0.00 ,112.80 ,110.30 ,110.30 
"2024-05-26",13:00,20.06 ,19.79 ,20.31 ,20.10 ,19.82 ,20.37 ,20.16 ,19.98 ,20.38 ,20.19 ,20.00 ,20.42 ,21.30 ,20.96 ,21.68 ,20.15 ,68.04 ,414.12 ,93.53 ,371.74 ,431.57 ,260.76 ,361.67 ,42.30 ,386.40 ,0.00 ,7185.60 ,0.00 ,-999.00 ,-999.00 ,101.39 ,0.20 ,0.20 ,1.32 ,2.36 ,115 ,0.97 ,1.99 ,111 ,0.36 ,17.14 ,17.11 ,17.18 ,15.96 ,15.92 ,15.98 ,15.66 ,15.63 ,15.69 ,-999.00 ,-999.00 ,-999.00 ,11.83 ,10.82 ,22.39 ,22.19 ,22.61 ,-999.00 ,-999.00 ,-999.00 ,-999.00 ,-999.00 ,-999.00 ,15.38 ,15.35 ,15.41 ,14.64 ,2.39 ,14.80 ,30.63 ,0.69 ,0.70 ,0.72 ,0.73 ,0.72 ,0.72 ,0.72 ,0.75 ,0.57 ,,100.00 ,0.00 ,0.00 ,0.00 ,112.80 ,110.30 ,110.30 
"2024-05-26",13:10,20.85 ,20.39 ,21.48 ,20.93 ,20.46 ,21.53 ,20.89 ,20.34 ,21.66 ,20.92 ,20.39 ,21.71 ,22.46 ,21.72 ,23.54 ,20.90 ,67.24 ,694.78 ,156.94 ,371.01 ,445.16 ,463.69 ,429.35 ,258.79 ,384.94 ,3.17 ,6865.00 ,0.00 ,-999.00 ,-999.00 ,101.39 ,0.20 ,0.20 ,2.28 ,4.06 ,122 ,1.86 ,4.06 ,125 ,0.36 ,17.19 ,17.15 ,17.25 ,15.96 ,15.94 ,15.99 ,15.66 ,15.64 ,15.68 ,-999.00 ,-999.00 ,-999.00 ,11.84 ,10.83 ,23.14 ,22.69 ,23.75 ,-999.00 ,-999.00 ,-999.00 ,-999.00 ,-999.00 ,-999.00 ,15.42 ,15.39 ,15.49 ,14.71 ,2.59 ,14.92 ,36.31 ,0.69 ,0.70 ,0.72 ,0.73 ,0.72 ,0.72 ,0.72 ,0.75 ,0.57 ,,100.00 ,0.00 ,0.00 ,0.00 ,112.80 ,110.30 ,110.30 
"2024-05-26",13:20,21.99 ,21.50 ,22.34 ,22.06 ,21.59 ,22.43 ,21.95 ,21.80 ,22.15 ,21.96 ,21.83 ,22.17 ,24.13 ,23.68 ,24.56 ,22.01 ,60.70 ,922.12 ,207.65 ,375.63 ,454.30 ,635.80 ,438.30 ,473.39 ,385.08 ,7.83 ,6926.30 ,0.00 ,-999.00 ,-999.00 ,101.37 ,0.20 ,0.20 ,4.31 ,5.94 ,128 ,3.38 ,5.69 ,127 ,0.36 ,17.25 ,17.23 ,17.28 ,15.95 ,15.93 ,15.99 ,15.65 ,15.64 ,15.68 ,-999.00 ,-999.00 ,-999.00 ,11.82 ,10.81 ,24.56 ,23.88 ,25.16 ,-999.00 ,-999.00 ,-999.00 ,-999.00 ,-999.00 ,-999.00 ,15.39 ,15.33 ,15.44 ,14.74 ,2.78 ,15.00 ,47.12 ,0.69 ,0.70 ,0.72 ,0.73 ,0.72 ,0.72 ,0.72 ,0.75 ,0.57 ,,100.00 ,0.00 ,0.00 ,0.00 ,112.80 ,110.30 ,110.30 
"2024-05-26",13:30,21.69 ,21.25 ,22.14 ,21.70 ,21.24 ,22.15 ,21.46 ,21.17 ,21.96 ,21.43 ,21.15 ,21.95 ,21.59 ,20.47 ,23.39 ,21.44 ,60.38 ,348.34 ,75.20 ,372.74 ,429.28 ,216.60 ,334.32 ,4.92 ,385.18 ,0.00 ,6858.10 ,0.00 ,-999.00 ,-999.00 ,101.36 ,0.20 ,0.20 ,4.45 ,5.99 ,139 ,3.27 ,5.46 ,139 ,0.36 ,17.30 ,17.27 ,17.34 ,15.97 ,15.95 ,15.98 ,15.64 ,15.62 ,15.67 ,-999.00 ,-999.00 ,-999.00 ,11.83 ,10.82 ,24.78 ,24.32 ,25.18 ,-999.00 ,-999.00 ,-999.00 ,-999.00 ,-999.00 ,-999.00 ,15.39 ,15.32 ,15.45 ,14.77 ,2.96 ,15.07 ,60.81 ,0.69 ,0.70 ,0.72 ,0.73 ,0.72 ,0.72 ,0.72 ,0.75 ,0.57 ,,100.00 ,0.00 ,0.00 ,0.00 ,112.80 ,110.30 ,110.30 
"2024-05-26",13:40,21.32 ,21.17 ,21.42 ,21.32 ,21.13 ,21.46 ,21.14 ,21.11 ,21.18 ,21.12 ,21.10 ,21.16 ,20.20 ,20.05 ,20.37 ,21.10 ,61.23 ,286.09 ,62.69 ,384.75 ,424.29 ,183.86 ,281.17 ,0.00 ,394.48 ,0.00 ,7941.40 ,0.00 ,-999.00 ,-999.00 ,101.36 ,0.20 ,0.20 ,4.37 ,6.81 ,133 ,3.20 ,5.13 ,135 ,0.36 ,17.36 ,17.31 ,17.40 ,15.99 ,15.96 ,16.01 ,15.64 ,15.62 ,15.66 ,-999.00 ,-999.00 ,-999.00 ,11.82 ,10.82 ,23.86 ,23.52 ,24.24 ,-999.00 ,-999.00 ,-999.00 ,-999.00 ,-999.00 ,-999.00 ,15.38 ,15.28 ,15.47 ,14.84 ,3.12 ,15.17 ,58.26 ,0.69 ,0.70 ,0.72 ,0.73 ,0.72 ,0.72 ,0.72 ,0.75 ,0.57 ,,100.00 ,0.00 ,0.00 ,0.00 ,112.80 ,110.20 ,110.20 
"2024-05-26",13:50,21.14 ,20.97 ,21.36 ,21.13 ,20.90 ,21.34 ,21.03 ,20.97 ,21.13 ,21.03 ,20.96 ,21.12 ,19.98 ,19.91 ,20.05 ,20.98 ,61.46 ,239.52 ,53.21 ,387.22 ,422.15 ,151.39 ,233.08 ,0.00 ,399.75 ,0.00 ,7999.00 ,0.00 ,-999.00 ,-999.00 ,101.35 ,0.20 ,0.20 ,3.93 ,6.22 ,139 ,2.75 ,4.54 ,140 ,0.36 ,17.41 ,17.39 ,17.45 ,16.02 ,15.99 ,16.04 ,15.66 ,15.63 ,15.67 ,-999.00 ,-999.00 ,-999.00 ,11.82 ,10.80 ,23.21 ,22.98 ,23.45 ,-999.00 ,-999.00 ,-999.00 ,-999.00 ,-999.00 ,-999.00 ,15.40 ,15.30 ,15.45 ,15.01 ,3.28 ,15.34 ,47.87 ,0.69 ,0.70 ,0.72 ,0.73 ,0.72 ,0.72 ,0.72 ,0.75 ,0.57 ,,100.00 ,0.00 ,0.00 ,0.00 ,112.80 ,110.20 ,110.20 
"2024-05-26",14:00,20.99 ,20.94 ,21.03 ,20.97 ,20.92 ,21.02 ,21.04 ,20.98 ,21.07 ,21.01 ,20.95 ,21.05 ,20.20 ,20.02 ,20.32 ,20.97 ,62.40 ,238.47 ,51.87 ,389.69 ,423.50 ,152.79 ,232.66 ,0.00 ,398.74 ,0.00 ,7411.50 ,0.00 ,-999.00 ,-999.00 ,101.34 ,0.20 ,0.20 ,3.49 ,5.34 ,148 ,2.17 ,3.97 ,150 ,0.36 ,17.45 ,17.41 ,17.49 ,16.03 ,16.01 ,16.06 ,15.65 ,15.63 ,15.66 ,-999.00 ,-999.00 ,-999.00 ,11.83 ,10.81 ,22.86 ,22.79 ,22.94 ,-999.00 ,-999.00 ,-999.00 ,-999.00 ,-999.00 ,-999.00 ,15.39 ,15.37 ,15.43 ,15.31 ,3.43 ,15.64 ,38.98 ,0.69 ,0.70 ,0.72 ,0.73 ,0.72 ,0.72 ,0.72 ,0.75 ,0.57 ,,100.00 ,0.00 ,0.00 ,0.00 ,112.80 ,110.20 ,110.20 
"2024-05-26",14:10,21.11 ,21.00 ,21.20 ,21.11 ,20.97 ,21.24 ,21.20 ,21.08 ,21.33 ,21.17 ,21.05 ,21.31 ,20.39 ,20.12 ,20.58 ,21.10 ,64.17 ,244.42 ,50.80 ,391.89 ,425.43 ,160.08 ,237.52 ,0.17 ,400.42 ,0.00 ,6582.90 ,0.00 ,-999.00 ,-999.00 ,101.33 ,0.20 ,0.20 ,2.67 ,3.94 ,142 ,1.70 ,2.70 ,145 ,0.36 ,17.51 ,17.47 ,17.55 ,16.03 ,16.03 ,16.04 ,15.64 ,15.63 ,15.66 ,-999.00 ,-999.00 ,-999.00 ,11.82 ,10.81 ,22.70 ,22.67 ,22.75 ,-999.00 ,-999.00 ,-999.00 ,-999.00 ,-999.00 ,-999.00 ,15.40 ,15.35 ,15.45 ,15.68 ,3.58 ,16.00 ,33.66 ,0.69 ,0.70 ,0.72 ,0.73 ,0.72 ,0.72 ,0.72 ,0.75 ,0.57 ,,100.00 ,0.00 ,0.00 ,0.00 ,112.80 ,110.10 ,110.10 
"2024-05-26",14:20,21.01 ,20.74 ,21.25 ,21.03 ,20.69 ,21.28 ,21.01 ,20.78 ,21.28 ,20.98 ,20.75 ,21.25 ,19.75 ,19.09 ,20.44 ,20.94 ,64.62 ,73.25 ,11.12 ,394.99 ,416.56 ,40.57 ,67.20 ,0.00 ,400.06 ,0.00 ,5985.30 ,0.00 ,-999.00 ,-999.00 ,101.31 ,0.20 ,0.20 ,2.51 ,3.84 ,142 ,1.60 ,3.14 ,144 ,0.36 ,17.59 ,17.54 ,17.63 ,16.05 ,16.01 ,16.08 ,15.64 ,15.60 ,15.66 ,-999.00 ,-999.00 ,-999.00 ,11.84 ,10.82 ,22.46 ,22.17 ,22.71 ,-999.00 ,-999.00 ,-999.00 ,-999.00 ,-999.00 ,-999.00 ,15.40 ,15.34 ,15.46 ,16.06 ,3.73 ,16.37 ,30.80 ,0.69 ,0.71 ,0.72 ,0.73 ,0.72 ,0.72 ,0.72 ,0.75 ,0.57 ,,100.00 ,0.00 ,0.00 ,0.00 ,112.80 ,110.10 ,110.10 
"2024-05-26",14:30,20.30 ,19.79 ,20.67 ,20.31 ,19.73 ,20.70 ,20.38 ,19.71 ,20.72 ,20.35 ,19.69 ,20.70 ,18.55 ,18.06 ,19.03 ,20.31 ,68.32 ,19.33 ,0.00 ,400.30 ,410.82 ,11.53 ,17.12 ,0.00 ,402.00 ,0.00 ,5468.70 ,0.00 ,-999.00 ,-999.00 ,101.33 ,0.20 ,0.20 ,2.58 ,5.96 ,194 ,1.90 ,5.12 ,204 ,0.36 ,17.65 ,17.60 ,17.68 ,16.08 ,16.07 ,16.10 ,15.66 ,15.64 ,15.68 ,-999.00 ,-999.00 ,-999.00 ,11.84 ,10.83 ,21.84 ,21.58 ,22.11 ,-999.00 ,-999.00 ,-999.00 ,-999.00 ,-999.00 ,-999.00 ,15.40 ,15.34 ,15.46 ,16.38 ,3.88 ,16.69 ,25.81 ,0.69 ,0.71 ,0.72 ,0.73 ,0.72 ,0.72 ,0.72 ,0.75 ,0.57 ,,100.00 ,0.00 ,0.00 ,0.00 ,112.80 ,110.10 ,110.10 
"2024-05-26",14:40,17.66 ,15.69 ,19.43 ,17.65 ,15.82 ,19.34 ,17.64 ,15.75 ,19.24 ,17.63 ,15.73 ,19.24 ,16.24 ,14.78 ,17.77 ,17.60 ,71.03 ,83.12 ,14.96 ,386.16 ,398.33 ,56.94 ,75.98 ,26.03 ,382.56 ,0.50 ,7254.80 ,0.26 ,-999.00 ,-999.00 ,101.37 ,0.20 ,0.20 ,7.64 ,12.78 ,245 ,5.72 ,10.62 ,247 ,0.36 ,17.69 ,17.66 ,17.72 ,16.08 ,16.06 ,16.11 ,15.64 ,15.63 ,15.67 ,-999.00 ,-999.00 ,-999.00 ,11.85 ,10.84 ,21.05 ,20.56 ,21.50 ,-999.00 ,-999.00 ,-999.00 ,-999.00 ,-999.00 ,-999.00 ,15.39 ,15.37 ,15.43 ,16.61 ,4.03 ,16.94 ,18.31 ,0.69 ,0.71 ,0.72 ,0.73 ,0.72 ,0.72 ,0.72 ,0.75 ,0.57 ,,100.00 ,0.33 ,0.26 ,0.03 ,112.80 ,110.50 ,110.10 
"2024-05-26",14:50,17.78 ,15.80 ,19.09 ,17.78 ,15.85 ,18.94 ,17.98 ,15.82 ,19.72 ,17.98 ,15.82 ,19.69 ,18.40 ,15.13 ,20.91 ,17.86 ,70.26 ,801.73 ,186.43 ,372.88 ,427.24 ,560.94 ,303.45 ,605.93 ,368.01 ,8.83 ,7481.20 ,0.13 ,-999.00 ,-999.00 ,101.31 ,0.20 ,0.20 ,3.08 ,8.42 ,224 ,2.45 ,6.29 ,215 ,0.36 ,17.75 ,17.72 ,17.79 ,16.11 ,16.09 ,16.12 ,15.64 ,15.61 ,15.65 ,-999.00 ,-999.00 ,-999.00 ,11.84 ,10.82 ,21.18 ,20.46 ,22.25 ,-999.00 ,-999.00 ,-999.00 ,-999.00 ,-999.00 ,-999.00 ,15.41 ,15.36 ,15.45 ,16.77 ,4.18 ,17.12 ,9.18 ,0.69 ,0.71 ,0.72 ,0.73 ,0.72 ,0.72 ,0.72 ,0.75 ,0.57 ,,100.00 ,0.00 ,0.13 ,0.36 ,113.20 ,110.50 ,110.50 
"2024-05-26",15:00,19.24 ,18.84 ,19.85 ,19.32 ,18.92 ,19.91 ,19.63 ,19.12 ,20.29 ,19.62 ,19.10 ,20.29 ,21.75 ,20.68 ,23.19 ,19.63 ,63.64 ,748.86 ,174.90 ,362.96 ,441.43 ,495.49 ,251.24 ,641.77 ,361.00 ,9.50 ,7146.30 ,0.00 ,-999.00 ,-999.00 ,101.31 ,0.20 ,0.20 ,1.31 ,3.07 ,92 ,1.23 ,2.96 ,72 ,0.36 ,17.81 ,17.80 ,17.83 ,16.11 ,16.09 ,16.12 ,15.63 ,15.61 ,15.64 ,-999.00 ,-999.00 ,-999.00 ,11.85 ,10.84 ,22.99 ,22.41 ,23.65 ,-999.00 ,-999.00 ,-999.00 ,-999.00 ,-999.00 ,-999.00 ,15.40 ,15.36 ,15.43 ,16.84 ,4.34 ,17.21 ,17.60 ,0.69 ,0.71 ,0.72 ,0.73 ,0.72 ,0.72 ,0.72 ,0.75 ,0.57 ,,100.00 ,0.00 ,0.00 ,0.00 ,113.20 ,110.50 ,110.50 
"2024-05-26",15:10,20.37 ,19.92 ,20.55 ,20.31 ,20.01 ,20.49 ,20.51 ,20.37 ,20.77 ,20.50 ,20.32 ,20.80 ,23.82 ,23.00 ,24.32 ,20.49 ,65.61 ,617.74 ,142.20 ,374.83 ,440.74 ,409.63 ,291.57 ,409.25 ,376.91 ,6.17 ,6551.90 ,0.00 ,-999.00 ,-999.00 ,101.30 ,0.20 ,0.20 ,1.42 ,2.50 ,307 ,1.19 ,2.39 ,293 ,0.36 ,17.85 ,17.81 ,17.87 ,16.14 ,16.10 ,16.16 ,15.63 ,15.61 ,15.66 ,-999.00 ,-999.00 ,-999.00 ,11.84 ,10.83 ,24.37 ,23.81 ,24.73 ,-999.00 ,-999.00 ,-999.00 ,-999.00 ,-999.00 ,-999.00 ,15.40 ,15.35 ,15.43 ,16.80 ,4.48 ,17.22 ,36.16 ,0.69 ,0.71 ,0.72 ,0.73 ,0.72 ,0.72 ,0.72 ,0.75 ,0.57 ,,100.00 ,0.00 ,0.00 ,0.00 ,113.20 ,110.50 ,110.50 
"2024-05-26",15:20,20.19 ,20.08 ,20.30 ,20.16 ,20.03 ,20.26 ,20.33 ,20.20 ,20.44 ,20.30 ,20.17 ,20.45 ,21.32 ,20.45 ,22.54 ,20.27 ,67.30 ,264.64 ,54.42 ,368.03 ,423.83 ,154.42 ,247.12 ,13.45 ,381.96 ,0.17 ,5258.12 ,0.00 ,-999.00 ,-999.00 ,101.29 ,0.20 ,0.20 ,1.29 ,1.88 ,321 ,1.01 ,1.68 ,329 ,0.36 ,17.88 ,17.86 ,17.89 ,16.15 ,16.13 ,16.17 ,15.63 ,15.61 ,15.65 ,-999.00 ,-999.00 ,-999.00 ,11.86 ,10.84 ,24.34 ,24.06 ,24.65 ,-999.00 ,-999.00 ,-999.00 ,-999.00 ,-999.00 ,-999.00 ,15.41 ,15.35 ,15.45 ,16.67 ,4.62 ,17.14 ,50.13 ,0.69 ,0.71 ,0.72 ,0.73 ,0.72 ,0.72 ,0.72 ,0.75 ,0.57 ,,100.00 ,0.00 ,0.00 ,0.00 ,113.20 ,110.40 ,110.40 
"2024-05-26",15:30,19.99 ,19.93 ,20.08 ,19.96 ,19.87 ,20.04 ,20.07 ,19.98 ,20.24 ,20.06 ,19.95 ,20.21 ,20.67 ,20.22 ,20.92 ,19.97 ,68.33 ,314.64 ,66.19 ,359.76 ,423.88 ,184.33 ,240.45 ,89.14 ,368.84 ,1.00 ,6817.30 ,0.00 ,-999.00 ,-999.00 ,101.28 ,0.20 ,0.20 ,1.54 ,2.15 ,302 ,1.20 ,1.95 ,299 ,0.36 ,17.92 ,17.89 ,17.96 ,16.19 ,16.17 ,16.21 ,15.65 ,15.62 ,15.68 ,-999.00 ,-999.00 ,-999.00 ,11.85 ,10.83 ,24.04 ,23.95 ,24.08 ,-999.00 ,-999.00 ,-999.00 ,-999.00 ,-999.00 ,-999.00 ,15.40 ,15.35 ,15.47 ,16.52 ,4.74 ,17.03 ,49.18 ,0.69 ,0.71 ,0.72 ,0.73 ,0.72 ,0.72 ,0.72 ,0.75 ,0.57 ,,100.00 ,0.00 ,0.00 ,0.00 ,113.20 ,110.40 ,110.40 
"2024-05-26",15:40,19.91 ,19.83 ,19.99 ,19.93 ,19.88 ,19.98 ,19.98 ,19.90 ,20.05 ,19.96 ,19.88 ,20.03 ,19.65 ,19.50 ,20.04 ,19.95 ,68.37 ,191.81 ,36.31 ,358.27 ,418.43 ,95.33 ,186.72 ,0.00 ,376.39 ,0.00 ,7394.70 ,0.00 ,-999.00 ,-999.00 ,101.25 ,0.20 ,0.20 ,1.27 ,1.91 ,338 ,0.91 ,1.71 ,337 ,0.36 ,17.97 ,17.96 ,17.99 ,16.21 ,16.19 ,16.22 ,15.64 ,15.62 ,15.65 ,-999.00 ,-999.00 ,-999.00 ,11.84 ,10.81 ,23.62 ,23.42 ,23.87 ,-999.00 ,-999.00 ,-999.00 ,-999.00 ,-999.00 ,-999.00 ,15.42 ,15.38 ,15.45 ,16.45 ,4.85 ,16.96 ,44.83 ,0.69 ,0.71 ,0.72 ,0.73 ,0.72 ,0.72 ,0.72 ,0.75 ,0.57 ,,100.00 ,0.00 ,0.00 ,0.00 ,113.20 ,110.40 ,110.40 
"2024-05-26",15:50,19.85 ,19.72 ,19.99 ,19.85 ,19.69 ,20.01 ,19.88 ,19.67 ,20.09 ,19.87 ,19.65 ,20.09 ,19.39 ,19.22 ,19.52 ,19.74 ,73.76 ,201.34 ,39.30 ,362.74 ,418.64 ,106.14 ,193.40 ,0.00 ,381.79 ,0.00 ,6635.30 ,0.00 ,-999.00 ,-999.00 ,101.24 ,0.20 ,0.20 ,1.34 ,1.88 ,298 ,1.01 ,1.61 ,290 ,0.36 ,18.00 ,17.97 ,18.03 ,16.23 ,16.20 ,16.25 ,15.65 ,15.63 ,15.67 ,-999.00 ,-999.00 ,-999.00 ,11.85 ,10.82 ,23.27 ,23.17 ,23.38 ,-999.00 ,-999.00 ,-999.00 ,-999.00 ,-999.00 ,-999.00 ,15.41 ,15.37 ,15.46 ,16.50 ,4.95 ,17.00 ,38.29 ,0.69 ,0.71 ,0.72 ,0.73 ,0.72 ,0.72 ,0.72 ,0.75 ,0.57 ,,100.00 ,0.00 ,0.00 ,0.00 ,113.20 ,110.40 ,110.40 
"2024-05-26",16:00,19.42 ,19.33 ,19.65 ,19.44 ,19.34 ,19.59 ,19.46 ,19.31 ,19.64 ,19.44 ,19.32 ,19.62 ,18.92 ,18.74 ,19.12 ,19.33 ,74.23 ,171.77 ,32.71 ,364.02 ,415.78 ,87.30 ,161.63 ,0.00 ,392.23 ,0.00 ,7050.20 ,0.00 ,-999.00 ,-999.00 ,101.25 ,0.20 ,0.20 ,1.23 ,2.15 ,306 ,0.94 ,1.90 ,301 ,0.36 ,18.04 ,18.02 ,18.05 ,16.25 ,16.23 ,16.26 ,15.65 ,15.63 ,15.66 ,-999.00 ,-999.00 ,-999.00 ,11.86 ,10.83 ,23.03 ,22.89 ,23.17 ,-999.00 ,-999.00 ,-999.00 ,-999.00 ,-999.00 ,-999.00 ,15.39 ,15.33 ,15.42 ,16.66 ,5.05 ,17.14 ,33.18 ,0.69 ,0.71 ,0.72 ,0.73 ,0.72 ,0.72 ,0.72 ,0.75 ,0.57 ,,100.00 ,0.00 ,0.00 ,0.00 ,113.20 ,110.40 ,110.40 
"2024-05-26",16:10,19.25 ,19.16 ,19.35 ,19.24 ,19.14 ,19.34 ,19.30 ,19.19 ,19.37 ,19.28 ,19.18 ,19.37 ,18.68 ,18.63 ,18.72 ,19.12 ,74.48 ,147.31 ,26.79 ,364.37 ,413.60 ,71.29 ,139.66 ,0.00 ,381.60 ,0.00 ,7292.20 ,0.00 ,-999.00 ,-999.00 ,101.26 ,0.20 ,0.20 ,1.21 ,1.76 ,261 ,1.00 ,1.37 ,255 ,0.36 ,18.09 ,18.06 ,18.11 ,16.25 ,16.23 ,16.26 ,15.64 ,15.62 ,15.66 ,-999.00 ,-999.00 ,-999.00 ,11.86 ,10.84 ,22.75 ,22.65 ,22.85 ,-999.00 ,-999.00 ,-999.00 ,-999.00 ,-999.00 ,-999.00 ,15.40 ,15.36 ,15.45 ,16.86 ,5.14 ,17.32 ,28.80 ,0.69 ,0.71 ,0.72 ,0.73 ,0.72 ,0.72 ,0.72 ,0.75 ,0.57 ,,100.00 ,0.00 ,0.00 ,0.00 ,113.20 ,110.40 ,110.40 
"2024-05-26",16:20,19.12 ,18.99 ,19.23 ,19.09 ,18.99 ,19.19 ,19.17 ,19.05 ,19.33 ,19.14 ,19.01 ,19.29 ,18.46 ,18.29 ,18.61 ,19.00 ,76.35 ,118.90 ,19.59 ,367.43 ,412.05 ,54.70 ,110.67 ,0.00 ,378.93 ,0.00 ,7656.00 ,0.00 ,-999.00 ,-999.00 ,101.26 ,0.20 ,0.20 ,1.24 ,1.89 ,257 ,0.94 ,1.32 ,258 ,0.36 ,18.15 ,18.11 ,18.18 ,16.25 ,16.23 ,16.27 ,15.63 ,15.62 ,15.64 ,-999.00 ,-999.00 ,-999.00 ,11.85 ,10.84 ,22.48 ,22.33 ,22.63 ,-999.00 ,-999.00 ,-999.00 ,-999.00 ,-999.00 ,-999.00 ,15.37 ,15.30 ,15.42 ,17.07 ,5.23 ,17.52 ,24.66 ,0.69 ,0.71 ,0.72 ,0.73 ,0.72 ,0.72 ,0.72 ,0.75 ,0.57 ,,100.00 ,0.00 ,0.00 ,0.00 ,113.20 ,110.40 ,110.40 
"2024-05-26",16:30,19.08 ,19.02 ,19.14 ,19.07 ,19.00 ,19.14 ,19.07 ,19.04 ,19.14 ,19.07 ,19.03 ,19.14 ,18.25 ,18.15 ,18.29 ,18.96 ,76.27 ,78.49 ,9.10 ,377.03 ,410.67 ,35.74 ,72.79 ,0.00 ,391.45 ,0.00 ,7336.00 ,0.00 ,-999.00 ,-999.00 ,101.27 ,0.20 ,0.20 ,0.58 ,1.15 ,195 ,0.58 ,1.22 ,193 ,0.36 ,18.20 ,18.18 ,18.23 ,16.29 ,16.25 ,16.32 ,15.64 ,15.62 ,15.65 ,-999.00 ,-999.00 ,-999.00 ,11.84 ,10.84 ,22.17 ,22.03 ,22.31 ,-999.00 ,-999.00 ,-999.00 ,-999.00 ,-999.00 ,-999.00 ,15.36 ,15.32 ,15.41 ,17.23 ,5.32 ,17.69 ,20.53 ,0.69 ,0.71 ,0.72 ,0.73 ,0.72 ,0.72 ,0.72 ,0.75 ,0.57 ,,100.00 ,0.00 ,0.00 ,0.00 ,113.20 ,110.40 ,110.40 
"2024-05-26",16:40,18.80 ,17.98 ,19.09 ,18.80 ,18.00 ,19.05 ,18.89 ,17.99 ,19.14 ,18.89 ,17.98 ,19.14 ,17.81 ,17.13 ,18.10 ,18.80 ,79.69 ,28.10 ,0.37 ,386.50 ,408.04 ,10.04 ,23.63 ,0.00 ,400.49 ,0.00 ,6713.20 ,0.00 ,-999.00 ,-999.00 ,101.31 ,0.20 ,0.20 ,3.24 ,10.32 ,225 ,2.42 ,8.68 ,228 ,0.36 ,18.23 ,18.22 ,18.24 ,16.33 ,16.31 ,16.35 ,15.66 ,15.64 ,15.67 ,-999.00 ,-999.00 ,-999.00 ,11.83 ,10.82 ,21.82 ,21.61 ,22.00 ,-999.00 ,-999.00 ,-999.00 ,-999.00 ,-999.00 ,-999.00 ,15.40 ,15.36 ,15.45 ,17.33 ,5.42 ,17.82 ,16.74 ,0.69 ,0.71 ,0.72 ,0.73 ,0.72 ,0.72 ,0.72 ,0.75 ,0.57 ,,100.00 ,0.00 ,0.00 ,0.00 ,113.20 ,110.40 ,110.40 
"2024-05-26",16:50,15.97 ,14.93 ,17.66 ,15.97 ,14.86 ,17.67 ,16.07 ,15.01 ,17.71 ,16.06 ,14.99 ,17.72 ,14.90 ,13.98 ,16.71 ,16.01 ,81.11 ,4.07 ,0.00 ,382.42 ,392.00 ,3.04 ,7.68 ,0.22 ,383.16 ,0.00 ,7246.80 ,0.55 ,-999.00 ,-999.00 ,101.39 ,0.20 ,0.20 ,8.89 ,13.25 ,233 ,6.70 ,11.61 ,233 ,0.36 ,18.27 ,18.25 ,18.31 ,16.33 ,16.30 ,16.36 ,15.65 ,15.63 ,15.69 ,-999.00 ,-999.00 ,-999.00 ,11.85 ,10.83 ,20.88 ,20.26 ,21.52 ,-999.00 ,-999.00 ,-999.00 ,-999.00 ,-999.00 ,-999.00 ,15.39 ,15.34 ,15.47 ,17.37 ,5.51 ,17.89 ,11.33 ,0.70 ,0.71 ,0.72 ,0.73 ,0.72 ,0.72 ,0.72 ,0.75 ,0.57 ,,100.00 ,0.48 ,0.55 ,0.42 ,113.60 ,111.30 ,110.80 
"2024-05-26",17:00,14.67 ,14.61 ,14.82 ,14.66 ,14.60 ,14.80 ,14.72 ,14.64 ,14.91 ,14.73 ,14.61 ,14.90 ,13.84 ,13.77 ,13.93 ,14.62 ,89.85 ,24.19 ,1.05 ,376.85 ,388.28 ,13.09 ,26.29 ,0.00 ,383.38 ,0.00 ,7375.20 ,0.61 ,-999.00 ,-999.00 ,101.37 ,0.20 ,0.20 ,4.83 ,7.75 ,252 ,3.54 ,6.66 ,253 ,0.36 ,18.30 ,18.27 ,18.35 ,16.35 ,16.31 ,16.37 ,15.65 ,15.62 ,15.68 ,-999.00 ,-999.00 ,-999.00 ,11.84 ,10.83 ,19.89 ,19.68 ,20.18 ,-999.00 ,-999.00 ,-999.00 ,-999.00 ,-999.00 ,-999.00 ,15.39 ,15.30 ,15.46 ,17.35 ,5.59 ,17.91 ,-0.95 ,0.70 ,0.71 ,0.72 ,0.73 ,0.72 ,0.72 ,0.72 ,0.75 ,0.57 ,,100.00 ,0.00 ,0.61 ,0.73 ,114.30 ,111.60 ,111.50 
"2024-05-26",17:10,14.61 ,14.56 ,14.66 ,14.61 ,14.58 ,14.63 ,14.66 ,14.61 ,14.70 ,14.65 ,14.60 ,14.67 ,13.93 ,13.84 ,14.01 ,14.51 ,91.03 ,42.46 ,5.90 ,374.64 ,388.93 ,22.27 ,43.56 ,0.00 ,385.29 ,0.00 ,7687.60 ,0.17 ,-999.00 ,-999.00 ,101.36 ,0.20 ,0.20 ,2.87 ,5.05 ,259 ,2.21 ,3.98 ,259 ,0.36 ,18.35 ,18.32 ,18.36 ,16.38 ,16.34 ,16.40 ,15.67 ,15.63 ,15.68 ,-999.00 ,-999.00 ,-999.00 ,11.85 ,10.83 ,19.52 ,19.38 ,19.66 ,-999.00 ,-999.00 ,-999.00 ,-999.00 ,-999.00 ,-999.00 ,15.38 ,15.31 ,15.43 ,17.25 ,5.68 ,17.86 ,-10.52 ,0.70 ,0.71 ,0.72 ,0.73 ,0.72 ,0.72 ,0.72 ,0.75 ,0.57 ,,100.00 ,0.00 ,0.17 ,0.17 ,114.50 ,111.70 ,111.70 
"2024-05-26",17:20,14.61 ,14.54 ,14.71 ,14.63 ,14.56 ,14.70 ,14.68 ,14.62 ,14.75 ,14.67 ,14.62 ,14.74 ,14.03 ,13.97 ,14.19 ,14.56 ,91.62 ,41.48 ,6.38 ,372.34 ,390.26 ,17.18 ,42.15 ,0.00 ,387.44 ,0.00 ,7547.60 ,0.00 ,-999.00 ,-999.00 ,101.36 ,0.20 ,0.20 ,0.99 ,2.07 ,236 ,0.87 ,1.67 ,249 ,0.36 ,18.37 ,18.34 ,18.40 ,16.38 ,16.35 ,16.43 ,15.65 ,15.62 ,15.68 ,-999.00 ,-999.00 ,-999.00 ,11.86 ,10.85 ,19.33 ,19.29 ,19.36 ,-999.00 ,-999.00 ,-999.00 ,-999.00 ,-999.00 ,-999.00 ,15.38 ,15.35 ,15.44 ,17.08 ,5.76 ,17.74 ,-14.07 ,0.70 ,0.71 ,0.72 ,0.73 ,0.72 ,0.72 ,0.72 ,0.75 ,0.57 ,,100.00 ,0.00 ,0.00 ,0.00 ,114.50 ,111.70 ,111.70 
"2024-05-26",17:30,14.78 ,14.72 ,14.86 ,14.76 ,14.71 ,14.78 ,14.88 ,14.83 ,14.94 ,14.87 ,14.83 ,14.91 ,14.31 ,14.24 ,14.35 ,14.78 ,92.11 ,55.21 ,9.10 ,367.77 ,390.97 ,22.91 ,55.48 ,0.00 ,387.75 ,0.00 ,7683.60 ,0.00 ,-999.00 ,-999.00 ,101.41 ,0.20 ,0.20 ,2.70 ,3.98 ,175 ,1.87 ,3.13 ,172 ,0.36 ,18.38 ,18.37 ,18.40 ,16.41 ,16.39 ,16.44 ,15.66 ,15.64 ,15.68 ,-999.00 ,-999.00 ,-999.00 ,11.85 ,10.82 ,19.24 ,19.20 ,19.29 ,-999.00 ,-999.00 ,-999.00 ,-999.00 ,-999.00 ,-999.00 ,15.39 ,15.31 ,15.43 ,16.79 ,5.84 ,17.51 ,-14.24 ,0.70 ,0.71 ,0.72 ,0.73 ,0.72 ,0.72 ,0.72 ,0.75 ,0.57 ,,100.00 ,0.00 ,0.00 ,0.00 ,114.50 ,111.70 ,111.70 
"2024-05-26",17:40,14.68 ,14.63 ,14.76 ,14.71 ,14.66 ,14.80 ,14.80 ,14.72 ,14.89 ,14.78 ,14.69 ,14.86 ,14.15 ,14.08 ,14.23 ,14.73 ,91.87 ,49.28 ,8.26 ,366.62 ,390.14 ,17.50 ,47.43 ,0.26 ,384.71 ,0.00 ,7666.00 ,0.00 ,-999.00 ,-999.00 ,101.41 ,0.20 ,0.20 ,3.28 ,4.61 ,178 ,2.20 ,3.49 ,176 ,0.36 ,18.41 ,18.37 ,18.44 ,16.43 ,16.39 ,16.45 ,15.66 ,15.64 ,15.68 ,-999.00 ,-999.00 ,-999.00 ,11.85 ,10.83 ,19.10 ,19.02 ,19.18 ,-999.00 ,-999.00 ,-999.00 ,-999.00 ,-999.00 ,-999.00 ,15.36 ,15.29 ,15.40 ,16.38 ,5.90 ,17.16 ,-13.79 ,0.70 ,0.71 ,0.72 ,0.73 ,0.72 ,0.72 ,0.72 ,0.75 ,0.57 ,,100.00 ,0.00 ,0.00 ,0.00 ,114.50 ,111.70 ,111.70 
"2024-05-26",17:50,14.82 ,14.65 ,14.90 ,14.83 ,14.69 ,14.93 ,14.93 ,14.78 ,15.02 ,14.92 ,14.78 ,15.03 ,14.29 ,14.21 ,14.36 ,14.88 ,91.22 ,61.84 ,11.59 ,366.63 ,391.05 ,25.83 ,51.05 ,21.65 ,383.34 ,0.17 ,7096.10 ,0.00 ,-999.00 ,-999.00 ,101.41 ,0.20 ,0.20 ,3.05 ,4.57 ,177 ,2.14 ,3.67 ,177 ,0.36 ,18.42 ,18.40 ,18.43 ,16.46 ,16.44 ,16.50 ,15.69 ,15.67 ,15.70 ,-999.00 ,-999.00 ,-999.00 ,11.85 ,10.82 ,18.91 ,18.81 ,19.02 ,-999.00 ,-999.00 ,-999.00 ,-999.00 ,-999.00 ,-999.00 ,15.39 ,15.34 ,15.46 ,15.86 ,5.96 ,16.71 ,-14.20 ,0.70 ,0.71 ,0.72 ,0.73 ,0.72 ,0.72 ,0.72 ,0.75 ,0.57 ,,100.00 ,0.00 ,0.00 ,0.00 ,114.50 ,111.70 ,111.70 
"2024-05-26",18:00,14.91 ,14.87 ,14.99 ,14.91 ,14.88 ,14.95 ,15.01 ,14.96 ,15.04 ,14.99 ,14.96 ,15.04 ,14.35 ,14.29 ,14.40 ,15.00 ,91.20 ,48.70 ,8.18 ,367.02 ,391.42 ,16.12 ,47.42 ,0.00 ,385.72 ,0.00 ,7065.20 ,0.00 ,-999.00 ,-999.00 ,101.41 ,0.20 ,0.20 ,2.12 ,3.50 ,185 ,1.43 ,2.68 ,187 ,0.36 ,18.42 ,18.41 ,18.43 ,16.46 ,16.43 ,16.48 ,15.67 ,15.66 ,15.69 ,-999.00 ,-999.00 ,-999.00 ,11.86 ,10.83 ,18.73 ,18.68 ,18.82 ,-999.00 ,-999.00 ,-999.00 ,-999.00 ,-999.00 ,-999.00 ,15.40 ,15.36 ,15.47 ,15.26 ,6.00 ,16.19 ,-14.45 ,0.70 ,0.71 ,0.72 ,0.73 ,0.72 ,0.72 ,0.72 ,0.75 ,0.57 ,,100.00 ,0.00 ,0.00 ,0.00 ,114.50 ,111.60 ,111.60 
"2024-05-26",18:10,14.98 ,14.92 ,15.01 ,14.97 ,14.89 ,15.03 ,15.05 ,14.98 ,15.08 ,15.04 ,14.97 ,15.08 ,14.38 ,14.36 ,14.42 ,14.99 ,91.63 ,47.10 ,7.32 ,367.40 ,391.46 ,15.72 ,45.73 ,2.48 ,376.92 ,0.00 ,7465.20 ,0.00 ,-999.00 ,-999.00 ,101.38 ,0.20 ,0.20 ,2.13 ,3.00 ,142 ,1.48 ,2.36 ,139 ,0.36 ,18.42 ,18.39 ,18.45 ,16.47 ,16.44 ,16.49 ,15.66 ,15.63 ,15.68 ,-999.00 ,-999.00 ,-999.00 ,11.88 ,10.84 ,18.61 ,18.56 ,18.66 ,-999.00 ,-999.00 ,-999.00 ,-999.00 ,-999.00 ,-999.00 ,15.39 ,15.32 ,15.43 ,14.62 ,6.03 ,15.62 ,-14.47 ,0.70 ,0.71 ,0.72 ,0.73 ,0.72 ,0.72 ,0.72 ,0.75 ,0.57 ,,100.00 ,0.00 ,0.00 ,0.00 ,114.50 ,111.60 ,111.60 
"2024-05-26",18:20,15.07 ,14.97 ,15.15 ,15.09 ,14.98 ,15.17 ,15.12 ,15.08 ,15.20 ,15.12 ,15.06 ,15.20 ,14.61 ,14.42 ,14.87 ,15.09 ,91.60 ,73.47 ,18.12 ,366.95 ,393.11 ,29.19 ,42.43 ,126.57 ,366.57 ,3.67 ,7404.10 ,0.00 ,-999.00 ,-999.00 ,101.38 ,0.20 ,0.20 ,2.35 ,3.31 ,145 ,1.56 ,2.60 ,141 ,0.36 ,18.42 ,18.40 ,18.43 ,16.50 ,16.48 ,16.52 ,15.67 ,15.66 ,15.68 ,-999.00 ,-999.00 ,-999.00 ,11.87 ,10.85 ,18.49 ,18.41 ,18.54 ,-999.00 ,-999.00 ,-999.00 ,-999.00 ,-999.00 ,-999.00 ,15.39 ,15.32 ,15.45 ,13.95 ,6.04 ,15.03 ,-14.19 ,0.70 ,0.71 ,0.72 ,0.73 ,0.72 ,0.72 ,0.72 ,0.74 ,0.57 ,,100.00 ,0.00 ,0.00 ,0.00 ,114.50 ,111.60 ,111.60 
"2024-05-26",18:30,15.10 ,15.02 ,15.19 ,15.11 ,15.05 ,15.18 ,15.14 ,15.08 ,15.20 ,15.13 ,15.06 ,15.20 ,14.61 ,14.52 ,14.81 ,15.15 ,90.80 ,44.85 ,6.44 ,364.95 ,391.67 ,11.69 ,43.51 ,4.86 ,365.15 ,0.00 ,7143.20 ,0.00 ,-999.00 ,-999.00 ,101.40 ,0.20 ,0.20 ,2.58 ,3.66 ,183 ,1.81 ,2.94 ,182 ,0.36 ,18.42 ,18.40 ,18.44 ,16.52 ,16.51 ,16.52 ,15.68 ,15.67 ,15.70 ,-999.00 ,-999.00 ,-999.00 ,11.87 ,10.85 ,18.36 ,18.30 ,18.45 ,-999.00 ,-999.00 ,-999.00 ,-999.00 ,-999.00 ,-999.00 ,15.37 ,15.33 ,15.42 ,13.29 ,6.04 ,14.43 ,-13.69 ,0.70 ,0.71 ,0.72 ,0.73 ,0.72 ,0.72 ,0.72 ,0.75 ,0.57 ,,100.00 ,0.00 ,0.00 ,0.00 ,114.50 ,111.60 ,111.60 
"2024-05-26",18:40,15.16 ,15.06 ,15.37 ,15.14 ,15.05 ,15.30 ,15.17 ,15.09 ,15.28 ,15.14 ,15.08 ,15.26 ,14.67 ,14.51 ,15.00 ,15.16 ,90.84 ,87.88 ,25.00 ,358.86 ,392.51 ,29.23 ,48.85 ,223.22 ,359.80 ,6.17 ,7044.00 ,0.00 ,-999.00 ,-999.00 ,101.41 ,0.20 ,0.20 ,3.28 ,4.79 ,211 ,2.22 ,3.22 ,207 ,0.36 ,18.41 ,18.38 ,18.44 ,16.53 ,16.50 ,16.56 ,15.69 ,15.67 ,15.71 ,-999.00 ,-999.00 ,-999.00 ,11.88 ,10.84 ,18.24 ,18.19 ,18.30 ,-999.00 ,-999.00 ,-999.00 ,-999.00 ,-999.00 ,-999.00 ,15.37 ,15.29 ,15.43 ,12.63 ,6.02 ,13.83 ,-13.59 ,0.69 ,0.71 ,0.72 ,0.73 ,0.72 ,0.72 ,0.72 ,0.75 ,0.57 ,,100.00 ,0.00 ,0.00 ,0.00 ,114.50 ,111.60 ,111.60 
"2024-05-26",18:50,15.35 ,15.29 ,15.43 ,15.26 ,15.19 ,15.30 ,15.33 ,15.26 ,15.38 ,15.30 ,15.23 ,15.35 ,15.05 ,14.97 ,15.10 ,15.40 ,90.05 ,93.03 ,28.50 ,343.91 ,392.60 ,15.84 ,47.13 ,292.68 ,357.93 ,10.00 ,7089.90 ,0.00 ,-999.00 ,-999.00 ,101.42 ,0.20 ,0.20 ,3.30 ,5.51 ,216 ,2.40 ,3.70 ,216 ,0.36 ,18.41 ,18.39 ,18.42 ,16.55 ,16.52 ,16.58 ,15.69 ,15.67 ,15.71 ,-999.00 ,-999.00 ,-999.00 ,11.87 ,10.83 ,18.13 ,18.07 ,18.17 ,-999.00 ,-999.00 ,-999.00 ,-999.00 ,-999.00 ,-999.00 ,15.39 ,15.36 ,15.43 ,11.98 ,5.99 ,13.24 ,-13.64 ,0.70 ,0.71 ,0.72 ,0.73 ,0.72 ,0.72 ,0.72 ,0.75 ,0.57 ,,100.00 ,0.00 ,0.00 ,0.00 ,114.50 ,111.60 ,111.60 
"2024-05-26",19:00,15.25 ,15.16 ,15.29 ,15.20 ,15.11 ,15.24 ,15.28 ,15.25 ,15.31 ,15.25 ,15.21 ,15.27 ,14.62 ,14.43 ,14.89 ,15.34 ,89.23 ,64.69 ,18.80 ,325.88 ,389.56 ,-17.79 ,33.06 ,242.08 ,334.18 ,10.00 ,6931.70 ,0.00 ,-999.00 ,-999.00 ,101.42 ,0.20 ,0.20 ,3.75 ,5.39 ,216 ,2.71 ,4.74 ,213 ,0.36 ,18.40 ,18.38 ,18.43 ,16.59 ,16.57 ,16.61 ,15.70 ,15.68 ,15.73 ,-999.00 ,-999.00 ,-999.00 ,11.86 ,10.83 ,17.96 ,17.84 ,18.07 ,-999.00 ,-999.00 ,-999.00 ,-999.00 ,-999.00 ,-999.00 ,15.36 ,15.29 ,15.47 ,11.36 ,5.96 ,12.66 ,-13.68 ,0.69 ,0.71 ,0.72 ,0.73 ,0.72 ,0.72 ,0.72 ,0.75 ,0.57 ,,100.00 ,0.00 ,0.00 ,0.00 ,114.50 ,111.60 ,111.60 
"2024-05-26",19:10,15.11 ,15.07 ,15.18 ,15.03 ,15.00 ,15.11 ,15.18 ,15.14 ,15.24 ,15.13 ,15.10 ,15.20 ,14.23 ,14.08 ,14.42 ,15.16 ,90.18 ,43.73 ,10.17 ,325.82 ,387.56 ,-28.18 ,25.73 ,183.65 ,330.14 ,10.00 ,7070.20 ,0.00 ,-999.00 ,-999.00 ,101.44 ,0.20 ,0.20 ,3.15 ,4.58 ,208 ,2.18 ,3.35 ,207 ,0.36 ,18.38 ,18.36 ,18.41 ,16.61 ,16.57 ,16.64 ,15.72 ,15.71 ,15.73 ,-999.00 ,-999.00 ,-999.00 ,11.85 ,10.82 ,17.71 ,17.61 ,17.83 ,-999.00 ,-999.00 ,-999.00 ,-999.00 ,-999.00 ,-999.00 ,15.36 ,15.30 ,15.40 ,10.76 ,5.91 ,12.11 ,-15.38 ,0.69 ,0.71 ,0.72 ,0.73 ,0.72 ,0.72 ,0.72 ,0.75 ,0.57 ,,100.00 ,0.00 ,0.00 ,0.00 ,114.50 ,111.50 ,111.50 
"2024-05-26",19:20,15.02 ,14.95 ,15.08 ,14.92 ,14.86 ,14.95 ,15.08 ,15.04 ,15.12 ,15.05 ,15.02 ,15.10 ,13.93 ,13.85 ,14.05 ,15.06 ,90.79 ,29.31 ,2.17 ,326.27 ,386.71 ,-33.30 ,18.27 ,132.12 ,347.00 ,6.00 ,7210.00 ,0.00 ,-999.00 ,-999.00 ,101.44 ,0.20 ,0.20 ,3.14 ,4.58 ,217 ,2.18 ,3.65 ,214 ,0.36 ,18.38 ,18.36 ,18.40 ,16.64 ,16.63 ,16.65 ,15.72 ,15.70 ,15.75 ,-999.00 ,-999.00 ,-999.00 ,11.85 ,10.82 ,17.48 ,17.36 ,17.57 ,-999.00 ,-999.00 ,-999.00 ,-999.00 ,-999.00 ,-999.00 ,15.35 ,15.27 ,15.43 ,10.20 ,5.85 ,11.57 ,-17.66 ,0.69 ,0.71 ,0.72 ,0.73 ,0.72 ,0.72 ,0.72 ,0.75 ,0.57 ,,100.00 ,0.00 ,0.00 ,0.00 ,114.50 ,111.50 ,111.50 
"2024-05-26",19:30,14.85 ,14.73 ,14.93 ,14.79 ,14.67 ,14.91 ,14.93 ,14.86 ,15.03 ,14.89 ,14.81 ,14.98 ,13.65 ,13.49 ,13.83 ,14.94 ,90.71 ,15.71 ,0.00 ,320.18 ,384.94 ,-47.66 ,10.72 ,77.95 ,343.19 ,0.00 ,7669.80 ,0.00 ,-999.00 ,-999.00 ,101.45 ,0.20 ,0.20 ,2.86 ,4.21 ,217 ,1.95 ,2.81 ,213 ,0.36 ,18.37 ,18.35 ,18.39 ,16.65 ,16.62 ,16.69 ,15.73 ,15.71 ,15.74 ,-999.00 ,-999.00 ,-999.00 ,11.85 ,10.82 ,17.25 ,17.14 ,17.37 ,-999.00 ,-999.00 ,-999.00 ,-999.00 ,-999.00 ,-999.00 ,15.38 ,15.29 ,15.41 ,9.66 ,5.79 ,11.05 ,-19.65 ,0.69 ,0.71 ,0.72 ,0.73 ,0.72 ,0.72 ,0.72 ,0.75 ,0.57 ,,100.00 ,0.00 ,0.00 ,0.00 ,114.50 ,111.50 ,111.50 
"2024-05-26",19:40,14.70 ,14.59 ,14.82 ,14.70 ,14.64 ,14.77 ,14.78 ,14.71 ,14.86 ,14.76 ,14.67 ,14.82 ,13.32 ,13.17 ,13.42 ,14.80 ,89.83 ,7.79 ,0.00 ,321.65 ,383.15 ,-49.32 ,6.83 ,17.04 ,326.92 ,0.00 ,7574.40 ,0.00 ,-999.00 ,-999.00 ,101.46 ,0.20 ,0.20 ,2.84 ,4.02 ,219 ,1.90 ,3.11 ,216 ,0.36 ,18.35 ,18.33 ,18.36 ,16.65 ,16.63 ,16.68 ,15.73 ,15.70 ,15.76 ,-999.00 ,-999.00 ,-999.00 ,11.86 ,10.82 ,16.99 ,16.88 ,17.12 ,-999.00 ,-999.00 ,-999.00 ,-999.00 ,-999.00 ,-999.00 ,15.36 ,15.34 ,15.39 ,9.15 ,5.72 ,10.54 ,-21.53 ,0.69 ,0.71 ,0.72 ,0.73 ,0.72 ,0.72 ,0.72 ,0.75 ,0.57 ,,100.00 ,0.00 ,0.00 ,0.00 ,114.50 ,111.50 ,111.50 
"2024-05-26",19:50,14.45 ,14.36 ,14.54 ,14.44 ,14.37 ,14.58 ,14.59 ,14.51 ,14.66 ,14.57 ,14.50 ,14.65 ,13.07 ,12.97 ,13.15 ,14.55 ,89.77 ,2.47 ,0.00 ,324.19 ,381.93 ,-48.72 ,2.53 ,0.00 ,329.09 ,0.00 ,7436.50 ,0.00 ,-999.00 ,-999.00 ,101.47 ,0.20 ,0.20 ,2.86 ,3.82 ,218 ,1.89 ,3.27 ,212 ,0.36 ,18.34 ,18.32 ,18.37 ,16.65 ,16.63 ,16.67 ,15.73 ,15.71 ,15.75 ,-999.00 ,-999.00 ,-999.00 ,11.87 ,10.84 ,16.74 ,16.62 ,16.85 ,-999.00 ,-999.00 ,-999.00 ,-999.00 ,-999.00 ,-999.00 ,15.35 ,15.28 ,15.43 ,8.65 ,5.65 ,10.04 ,-23.25 ,0.69 ,0.71 ,0.72 ,0.73 ,0.72 ,0.72 ,0.72 ,0.75 ,0.57 ,,100.00 ,0.00 ,0.00 ,0.00 ,114.50 ,111.50 ,111.50 
"2024-05-26",20:00,14.22 ,14.10 ,14.31 ,14.21 ,14.09 ,14.32 ,14.35 ,14.23 ,14.47 ,14.33 ,14.20 ,14.47 ,12.78 ,12.67 ,12.95 ,14.24 ,91.20 ,0.05 ,0.00 ,330.08 ,380.51 ,-43.30 ,0.12 ,0.00 ,334.45 ,0.00 ,7473.50 ,0.00 ,-999.00 ,-999.00 ,101.49 ,0.20 ,0.20 ,2.45 ,3.26 ,216 ,1.43 ,2.19 ,209 ,0.36 ,18.33 ,18.31 ,18.36 ,16.67 ,16.65 ,16.69 ,15.73 ,15.71 ,15.74 ,-999.00 ,-999.00 ,-999.00 ,11.86 ,10.85 ,16.53 ,16.44 ,16.61 ,-999.00 ,-999.00 ,-999.00 ,-999.00 ,-999.00 ,-999.00 ,15.34 ,15.29 ,15.40 ,8.16 ,5.57 ,9.54 ,-24.66 ,0.69 ,0.71 ,0.72 ,0.73 ,0.72 ,0.72 ,0.72 ,0.75 ,0.57 ,,100.00 ,0.00 ,0.00 ,0.00 ,114.50 ,111.50 ,111.50 
"2024-05-26",20:10,14.11 ,14.09 ,14.14 ,14.08 ,14.05 ,14.10 ,14.24 ,14.24 ,14.24 ,14.22 ,14.20 ,14.24 ,12.69 ,12.65 ,12.75 ,14.10 ,92.42 ,0.00 ,0.00 ,339.67 ,380.29 ,-34.06 ,0.00 ,0.00 ,343.42 ,0.00 ,7934.80 ,0.00 ,-999.00 ,-999.00 ,101.50 ,0.20 ,0.20 ,2.22 ,3.06 ,215 ,1.13 ,1.82 ,206 ,0.36 ,18.32 ,18.30 ,18.34 ,16.70 ,16.68 ,16.72 ,15.74 ,15.72 ,15.76 ,-999.00 ,-999.00 ,-999.00 ,11.85 ,10.84 ,16.36 ,16.29 ,16.44 ,-999.00 ,-999.00 ,-999.00 ,-999.00 ,-999.00 ,-999.00 ,15.35 ,15.27 ,15.40 ,7.66 ,5.49 ,9.03 ,-25.64 ,0.69 ,0.71 ,0.72 ,0.73 ,0.72 ,0.72 ,0.72 ,0.75 ,0.56 ,,100.00 ,0.00 ,0.00 ,0.00 ,114.50 ,111.50 ,111.50 
"2024-05-26",20:20,14.15 ,14.11 ,14.23 ,14.13 ,14.09 ,14.16 ,14.21 ,14.19 ,14.25 ,14.21 ,14.20 ,14.22 ,12.85 ,12.74 ,13.01 ,14.12 ,92.62 ,0.00 ,0.00 ,349.44 ,380.68 ,-24.69 ,0.00 ,0.00 ,352.73 ,0.00 ,7992.90 ,0.00 ,-999.00 ,-999.00 ,101.49 ,0.20 ,0.20 ,1.76 ,2.54 ,225 ,0.86 ,1.71 ,225 ,0.36 ,18.28 ,18.27 ,18.30 ,16.72 ,16.71 ,16.74 ,15.76 ,15.75 ,15.78 ,-999.00 ,-999.00 ,-999.00 ,11.85 ,10.84 ,16.27 ,16.25 ,16.29 ,-999.00 ,-999.00 ,-999.00 ,-999.00 ,-999.00 ,-999.00 ,15.37 ,15.34 ,15.44 ,7.16 ,5.41 ,8.52 ,-25.95 ,0.69 ,0.71 ,0.72 ,0.73 ,0.72 ,0.72 ,0.72 ,0.75 ,0.56 ,,100.00 ,0.00 ,0.00 ,0.00 ,114.50 ,111.50 ,111.50 
"2024-05-26",20:30,14.20 ,14.14 ,14.24 ,14.21 ,14.17 ,14.26 ,14.28 ,14.25 ,14.30 ,14.28 ,14.23 ,14.31 ,12.90 ,12.82 ,12.97 ,14.26 ,91.95 ,0.00 ,0.00 ,354.73 ,382.92 ,-21.69 ,0.00 ,0.00 ,357.50 ,0.00 ,7959.90 ,0.00 ,-999.00 ,-999.00 ,101.49 ,0.20 ,0.20 ,2.27 ,2.85 ,216 ,1.24 ,2.01 ,210 ,0.36 ,18.26 ,18.25 ,18.28 ,16.72 ,16.70 ,16.74 ,15.76 ,15.75 ,15.77 ,-999.00 ,-999.00 ,-999.00 ,11.85 ,10.83 ,16.23 ,16.20 ,16.26 ,-999.00 ,-999.00 ,-999.00 ,-999.00 ,-999.00 ,-999.00 ,15.36 ,15.32 ,15.41 ,6.66 ,5.32 ,8.01 ,-25.55 ,0.69 ,0.71 ,0.72 ,0.73 ,0.72 ,0.72 ,0.73 ,0.75 ,0.56 ,,100.00 ,0.00 ,0.00 ,0.00 ,114.50 ,111.50 ,111.50 
"2024-05-26",20:40,14.18 ,14.13 ,14.22 ,14.15 ,14.10 ,14.21 ,14.29 ,14.25 ,14.32 ,14.29 ,14.26 ,14.32 ,13.04 ,12.96 ,13.18 ,14.25 ,92.03 ,0.00 ,0.00 ,357.51 ,382.74 ,-18.67 ,0.00 ,0.00 ,360.24 ,0.00 ,7782.00 ,0.00 ,-999.00 ,-999.00 ,101.50 ,0.20 ,0.20 ,2.08 ,2.82 ,206 ,0.98 ,1.56 ,201 ,0.36 ,18.23 ,18.21 ,18.26 ,16.72 ,16.70 ,16.74 ,15.77 ,15.75 ,15.78 ,-999.00 ,-999.00 ,-999.00 ,11.86 ,10.83 ,16.16 ,16.13 ,16.19 ,-999.00 ,-999.00 ,-999.00 ,-999.00 ,-999.00 ,-999.00 ,15.36 ,15.31 ,15.41 ,6.16 ,5.23 ,7.50 ,-24.85 ,0.69 ,0.71 ,0.72 ,0.73 ,0.72 ,0.72 ,0.73 ,0.75 ,0.56 ,,100.00 ,0.00 ,0.00 ,0.00 ,114.50 ,111.50 ,111.50 
"2024-05-26",20:50,14.15 ,14.12 ,14.17 ,14.12 ,14.09 ,14.14 ,14.28 ,14.26 ,14.29 ,14.28 ,14.27 ,14.28 ,13.18 ,13.09 ,13.43 ,14.19 ,93.00 ,0.00 ,0.00 ,357.56 ,382.27 ,-17.84 ,0.00 ,0.00 ,360.51 ,0.00 ,7852.30 ,0.00 ,-999.00 ,-999.00 ,101.50 ,0.20 ,0.20 ,1.58 ,2.06 ,208 ,0.72 ,1.06 ,193 ,0.36 ,18.21 ,18.18 ,18.23 ,16.73 ,16.71 ,16.74 ,15.77 ,15.75 ,15.77 ,-999.00 ,-999.00 ,-999.00 ,11.87 ,10.83 ,16.12 ,16.11 ,16.15 ,-999.00 ,-999.00 ,-999.00 ,-999.00 ,-999.00 ,-999.00 ,15.37 ,15.32 ,15.40 ,5.65 ,5.14 ,7.00 ,-24.09 ,0.69 ,0.71 ,0.72 ,0.73 ,0.72 ,0.72 ,0.73 ,0.75 ,0.56 ,,100.00 ,0.00 ,0.00 ,0.00 ,114.50 ,111.50 ,111.50 
"2024-05-26",21:00,14.11 ,14.06 ,14.15 ,14.06 ,14.00 ,14.10 ,14.24 ,14.18 ,14.26 ,14.21 ,14.16 ,14.25 ,13.25 ,13.10 ,13.42 ,14.10 ,94.25 ,0.00 ,0.00 ,345.93 ,380.52 ,-27.44 ,0.00 ,0.00 ,350.78 ,0.00 ,7796.40 ,0.00 ,-999.00 ,-999.00 ,101.50 ,0.20 ,0.20 ,1.69 ,2.15 ,200 ,0.79 ,1.11 ,177 ,0.36 ,18.19 ,18.18 ,18.21 ,16.73 ,16.71 ,16.75 ,15.77 ,15.75 ,15.78 ,-999.00 ,-999.00 ,-999.00 ,11.87 ,10.84 ,16.06 ,16.03 ,16.10 ,-999.00 ,-999.00 ,-999.00 ,-999.00 ,-999.00 ,-999.00 ,15.37 ,15.33 ,15.40 ,5.16 ,5.04 ,6.51 ,-23.27 ,0.69 ,0.71 ,0.72 ,0.73 ,0.72 ,0.72 ,0.73 ,0.75 ,0.56 ,,100.00 ,0.00 ,0.00 ,0.00 ,114.50 ,111.50 ,111.50 
"2024-05-26",21:10,13.97 ,13.91 ,14.05 ,13.95 ,13.88 ,14.01 ,14.09 ,13.99 ,14.18 ,14.07 ,13.98 ,14.16 ,12.48 ,11.91 ,13.07 ,14.00 ,94.51 ,0.00 ,0.00 ,317.33 ,374.57 ,-50.36 ,0.00 ,0.00 ,325.19 ,0.00 ,7600.20 ,0.00 ,-999.00 ,-999.00 ,101.50 ,0.20 ,0.20 ,1.55 ,2.06 ,206 ,0.70 ,1.05 ,183 ,0.36 ,18.18 ,18.17 ,18.20 ,16.76 ,16.75 ,16.78 ,15.78 ,15.77 ,15.80 ,-999.00 ,-999.00 ,-999.00 ,11.87 ,10.84 ,15.94 ,15.85 ,16.01 ,-999.00 ,-999.00 ,-999.00 ,-999.00 ,-999.00 ,-999.00 ,15.35 ,15.30 ,15.40 ,4.69 ,4.94 ,6.03 ,-22.81 ,0.69 ,0.71 ,0.72 ,0.73 ,0.72 ,0.72 ,0.73 ,0.75 ,0.56 ,,100.00 ,0.00 ,0.00 ,0.00 ,114.50 ,111.50 ,111.50 
"2024-05-26",21:20,13.77 ,13.53 ,13.90 ,13.78 ,13.58 ,13.93 ,13.85 ,13.62 ,13.97 ,13.85 ,13.62 ,13.98 ,11.80 ,11.74 ,11.87 ,13.78 ,94.81 ,0.00 ,0.00 ,310.89 ,371.14 ,-53.16 ,0.00 ,0.00 ,319.52 ,0.00 ,7680.10 ,0.00 ,-999.00 ,-999.00 ,101.50 ,0.20 ,0.20 ,1.79 ,2.28 ,191 ,1.04 ,1.33 ,163 ,0.36 ,18.16 ,18.14 ,18.17 ,16.79 ,16.78 ,16.80 ,15.79 ,15.76 ,15.81 ,-999.00 ,-999.00 ,-999.00 ,11.87 ,10.85 ,15.73 ,15.62 ,15.84 ,-999.00 ,-999.00 ,-999.00 ,-999.00 ,-999.00 ,-999.00 ,15.35 ,15.31 ,15.40 ,4.24 ,4.83 ,5.58 ,-23.48 ,0.69 ,0.71 ,0.72 ,0.73 ,0.72 ,0.72 ,0.73 ,0.75 ,0.56 ,,100.00 ,0.00 ,0.00 ,0.00 ,114.50 ,111.50 ,111.50 
"2024-05-26",21:30,13.21 ,13.03 ,13.46 ,13.24 ,13.04 ,13.49 ,13.30 ,13.11 ,13.55 ,13.31 ,13.12 ,13.56 ,11.69 ,11.58 ,11.82 ,13.25 ,95.05 ,0.00 ,0.00 ,309.46 ,369.62 ,-52.90 ,0.00 ,0.00 ,317.86 ,0.00 ,6807.40 ,0.00 ,-999.00 ,-999.00 ,101.50 ,0.20 ,0.20 ,2.23 ,2.47 ,187 ,1.04 ,1.28 ,161 ,0.36 ,18.11 ,18.10 ,18.14 ,16.81 ,16.79 ,16.82 ,15.82 ,15.82 ,15.84 ,-999.00 ,-999.00 ,-999.00 ,11.86 ,10.83 ,15.48 ,15.37 ,15.58 ,-999.00 ,-999.00 ,-999.00 ,-999.00 ,-999.00 ,-999.00 ,15.36 ,15.31 ,15.41 ,3.81 ,4.72 ,5.15 ,-25.00 ,0.69 ,0.71 ,0.72 ,0.73 ,0.72 ,0.72 ,0.73 ,0.75 ,0.56 ,,100.00 ,0.00 ,0.00 ,0.00 ,114.50 ,111.50 ,111.50 
"2024-05-26",21:40,13.21 ,13.18 ,13.25 ,13.20 ,13.15 ,13.25 ,13.26 ,13.23 ,13.28 ,13.26 ,13.22 ,13.29 ,11.07 ,10.72 ,11.44 ,13.11 ,96.18 ,0.00 ,0.00 ,308.71 ,366.60 ,-50.95 ,0.00 ,0.00 ,317.39 ,0.00 ,6156.10 ,0.00 ,-999.00 ,-999.00 ,101.50 ,0.20 ,0.20 ,1.99 ,2.21 ,182 ,0.88 ,1.13 ,147 ,0.36 ,18.07 ,18.05 ,18.10 ,16.80 ,16.79 ,16.82 ,15.82 ,15.81 ,15.85 ,-999.00 ,-999.00 ,-999.00 ,11.87 ,10.84 ,15.29 ,15.20 ,15.38 ,-999.00 ,-999.00 ,-999.00 ,-999.00 ,-999.00 ,-999.00 ,15.39 ,15.36 ,15.44 ,3.40 ,4.61 ,4.74 ,-26.70 ,0.69 ,0.71 ,0.72 ,0.73 ,0.72 ,0.72 ,0.73 ,0.75 ,0.56 ,,100.00 ,0.00 ,0.00 ,0.00 ,114.50 ,111.40 ,111.50 
"2024-05-26",21:50,13.07 ,12.98 ,13.14 ,13.06 ,12.98 ,13.14 ,13.11 ,13.01 ,13.22 ,13.09 ,13.01 ,13.22 ,10.49 ,10.36 ,10.65 ,12.96 ,96.41 ,0.00 ,0.00 ,309.98 ,365.48 ,-48.43 ,0.00 ,0.00 ,318.15 ,0.00 ,5948.60 ,0.00 ,-999.00 ,-999.00 ,101.50 ,0.20 ,0.20 ,1.52 ,1.99 ,180 ,0.66 ,0.79 ,142 ,0.36 ,18.04 ,18.02 ,18.07 ,16.80 ,16.77 ,16.81 ,15.81 ,15.79 ,15.82 ,-999.00 ,-999.00 ,-999.00 ,11.89 ,10.85 ,15.10 ,15.00 ,15.19 ,-999.00 ,-999.00 ,-999.00 ,-999.00 ,-999.00 ,-999.00 ,15.36 ,15.30 ,15.41 ,3.01 ,4.50 ,4.34 ,-28.15 ,0.69 ,0.71 ,0.72 ,0.73 ,0.72 ,0.72 ,0.73 ,0.75 ,0.56 ,,100.00 ,0.00 ,0.00 ,0.00 ,114.50 ,111.40 ,111.40 
"2024-05-26",22:00,12.68 ,12.37 ,12.99 ,12.65 ,12.36 ,12.94 ,12.70 ,12.36 ,13.00 ,12.69 ,12.35 ,12.97 ,10.18 ,10.09 ,10.35 ,12.59 ,96.34 ,0.00 ,0.00 ,308.23 ,363.85 ,-48.39 ,0.00 ,0.00 ,316.40 ,0.00 ,6651.00 ,0.00 ,-999.00 ,-999.00 ,101.51 ,0.20 ,0.20 ,1.83 ,2.12 ,167 ,0.73 ,0.89 ,150 ,0.36 ,18.01 ,18.00 ,18.04 ,16.81 ,16.79 ,16.83 ,15.82 ,15.80 ,15.84 ,-999.00 ,-999.00 ,-999.00 ,11.88 ,10.85 ,14.90 ,14.83 ,15.00 ,-999.00 ,-999.00 ,-999.00 ,-999.00 ,-999.00 ,-999.00 ,15.36 ,15.32 ,15.40 ,2.63 ,4.39 ,3.96 ,-29.18 ,0.69 ,0.71 ,0.72 ,0.73 ,0.72 ,0.72 ,0.73 ,0.75 ,0.56 ,,100.00 ,0.00 ,0.00 ,0.00 ,114.50 ,111.40 ,111.40 
"2024-05-26",22:10,12.19 ,12.12 ,12.32 ,12.19 ,12.09 ,12.33 ,12.22 ,12.16 ,12.30 ,12.22 ,12.15 ,12.27 ,10.35 ,10.15 ,10.55 ,12.12 ,96.74 ,0.00 ,0.00 ,308.09 ,362.19 ,-46.40 ,0.00 ,0.00 ,316.16 ,0.00 ,7024.90 ,0.00 ,-999.00 ,-999.00 ,101.52 ,0.20 ,0.20 ,2.16 ,2.58 ,163 ,0.65 ,0.85 ,154 ,0.36 ,17.99 ,17.97 ,18.01 ,16.81 ,16.80 ,16.84 ,15.82 ,15.81 ,15.83 ,-999.00 ,-999.00 ,-999.00 ,11.86 ,10.84 ,14.72 ,14.64 ,14.81 ,-999.00 ,-999.00 ,-999.00 ,-999.00 ,-999.00 ,-999.00 ,15.34 ,15.26 ,15.39 ,2.24 ,4.27 ,3.57 ,-30.08 ,0.69 ,0.71 ,0.72 ,0.73 ,0.72 ,0.72 ,0.73 ,0.75 ,0.56 ,,100.00 ,0.00 ,0.00 ,0.00 ,114.50 ,111.40 ,111.40 
"2024-05-26",22:20,12.23 ,12.12 ,12.35 ,12.21 ,12.14 ,12.34 ,12.29 ,12.19 ,12.45 ,12.28 ,12.19 ,12.43 ,10.08 ,9.95 ,10.27 ,12.13 ,97.31 ,0.00 ,0.00 ,306.91 ,361.63 ,-47.32 ,0.00 ,0.00 ,314.58 ,0.00 ,6922.50 ,0.00 ,-999.00 ,-999.00 ,101.52 ,0.20 ,0.20 ,2.22 ,2.44 ,154 ,1.07 ,1.39 ,142 ,0.36 ,17.95 ,17.93 ,17.99 ,16.83 ,16.81 ,16.85 ,15.84 ,15.82 ,15.85 ,-999.00 ,-999.00 ,-999.00 ,11.86 ,10.84 ,14.55 ,14.47 ,14.61 ,-999.00 ,-999.00 ,-999.00 ,-999.00 ,-999.00 ,-999.00 ,15.34 ,15.30 ,15.37 ,1.84 ,4.16 ,3.18 ,-30.96 ,0.69 ,0.71 ,0.72 ,0.73 ,0.72 ,0.72 ,0.73 ,0.75 ,0.56 ,,100.00 ,0.00 ,0.00 ,0.00 ,114.50 ,111.40 ,111.40 
"2024-05-26",22:30,12.38 ,12.26 ,12.49 ,12.41 ,12.32 ,12.53 ,12.53 ,12.50 ,12.59 ,12.52 ,12.45 ,12.59 ,10.26 ,10.11 ,10.45 ,12.36 ,97.93 ,0.00 ,0.00 ,305.90 ,362.60 ,-50.06 ,0.00 ,0.00 ,313.15 ,0.00 ,7065.90 ,0.00 ,-999.00 ,-999.00 ,101.53 ,0.20 ,0.20 ,2.60 ,2.85 ,144 ,1.29 ,1.65 ,135 ,0.36 ,17.92 ,17.90 ,17.93 ,16.81 ,16.80 ,16.84 ,15.84 ,15.82 ,15.85 ,-999.00 ,-999.00 ,-999.00 ,11.86 ,10.84 ,14.37 ,14.30 ,14.45 ,-999.00 ,-999.00 ,-999.00 ,-999.00 ,-999.00 ,-999.00 ,15.34 ,15.31 ,15.39 ,1.43 ,4.04 ,2.78 ,-31.76 ,0.69 ,0.71 ,0.72 ,0.73 ,0.72 ,0.72 ,0.73 ,0.75 ,0.56 ,,100.00 ,0.00 ,0.00 ,0.00 ,114.50 ,111.40 ,111.40 
"2024-05-26",22:40,12.49 ,12.45 ,12.54 ,12.48 ,12.41 ,12.54 ,12.59 ,12.56 ,12.62 ,12.58 ,12.55 ,12.61 ,10.65 ,10.54 ,10.76 ,12.43 ,97.90 ,0.00 ,0.00 ,306.26 ,363.80 ,-51.38 ,0.00 ,0.00 ,313.41 ,0.00 ,7314.80 ,0.00 ,-999.00 ,-999.00 ,101.54 ,0.20 ,0.20 ,2.85 ,3.17 ,144 ,1.22 ,1.64 ,141 ,0.36 ,17.90 ,17.87 ,17.94 ,16.84 ,16.82 ,16.86 ,15.85 ,15.84 ,15.86 ,-999.00 ,-999.00 ,-999.00 ,11.87 ,10.83 ,14.22 ,14.17 ,14.29 ,-999.00 ,-999.00 ,-999.00 ,-999.00 ,-999.00 ,-999.00 ,15.35 ,15.29 ,15.40 ,1.02 ,3.92 ,2.37 ,-32.46 ,0.69 ,0.71 ,0.72 ,0.73 ,0.72 ,0.72 ,0.73 ,0.75 ,0.56 ,,100.00 ,0.00 ,0.00 ,0.00 ,114.50 ,111.40 ,111.40 
"2024-05-26",22:50,12.38 ,12.18 ,12.50 ,12.36 ,12.14 ,12.51 ,12.46 ,12.28 ,12.56 ,12.46 ,12.29 ,12.56 ,10.60 ,10.44 ,10.79 ,12.32 ,97.92 ,0.00 ,0.00 ,306.85 ,364.41 ,-51.19 ,0.00 ,0.00 ,314.31 ,0.00 ,7134.10 ,0.00 ,-999.00 ,-999.00 ,101.55 ,0.20 ,0.20 ,2.68 ,3.04 ,147 ,1.17 ,1.72 ,151 ,0.36 ,17.86 ,17.83 ,17.89 ,16.85 ,16.82 ,16.87 ,15.85 ,15.82 ,15.87 ,-999.00 ,-999.00 ,-999.00 ,11.87 ,10.84 ,14.09 ,14.01 ,14.16 ,-999.00 ,-999.00 ,-999.00 ,-999.00 ,-999.00 ,-999.00 ,15.33 ,15.27 ,15.36 ,0.59 ,3.79 ,1.96 ,-32.99 ,0.69 ,0.71 ,0.72 ,0.73 ,0.72 ,0.72 ,0.73 ,0.75 ,0.56 ,,100.00 ,0.00 ,0.00 ,0.00 ,114.50 ,111.40 ,111.40 
"2024-05-26",23:00,12.08 ,11.99 ,12.13 ,12.08 ,12.01 ,12.13 ,12.17 ,12.12 ,12.24 ,12.18 ,12.12 ,12.24 ,10.33 ,10.04 ,10.48 ,12.05 ,97.89 ,0.00 ,0.00 ,307.32 ,362.55 ,-48.56 ,0.00 ,0.00 ,314.33 ,0.00 ,7067.90 ,0.00 ,-999.00 ,-999.00 ,101.55 ,0.20 ,0.20 ,2.53 ,2.97 ,149 ,0.88 ,1.39 ,153 ,0.36 ,17.81 ,17.76 ,17.85 ,16.85 ,16.83 ,16.86 ,15.87 ,15.85 ,15.90 ,-999.00 ,-999.00 ,-999.00 ,11.87 ,10.84 ,13.94 ,13.87 ,14.00 ,-999.00 ,-999.00 ,-999.00 ,-999.00 ,-999.00 ,-999.00 ,15.35 ,15.31 ,15.40 ,0.17 ,3.65 ,1.54 ,-33.36 ,0.69 ,0.71 ,0.72 ,0.73 ,0.72 ,0.72 ,0.73 ,0.75 ,0.56 ,,100.00 ,0.00 ,0.00 ,0.00 ,114.50 ,111.40 ,111.40 
"2024-05-26",23:10,12.22 ,12.13 ,12.28 ,12.19 ,12.13 ,12.27 ,12.32 ,12.23 ,12.39 ,12.32 ,12.24 ,12.41 ,10.24 ,9.94 ,10.46 ,12.17 ,98.52 ,0.00 ,0.00 ,314.00 ,363.06 ,-42.60 ,0.00 ,0.00 ,314.79 ,0.00 ,6734.00 ,0.00 ,-999.00 ,-999.00 ,101.55 ,0.20 ,0.20 ,2.51 ,2.85 ,149 ,1.06 ,1.39 ,146 ,0.36 ,17.77 ,17.76 ,17.82 ,16.83 ,16.81 ,16.84 ,15.88 ,15.86 ,15.89 ,-999.00 ,-999.00 ,-999.00 ,11.88 ,10.84 ,13.81 ,13.76 ,13.88 ,-999.00 ,-999.00 ,-999.00 ,-999.00 ,-999.00 ,-999.00 ,15.37 ,15.32 ,15.43 ,-0.26 ,3.51 ,1.12 ,-33.66 ,0.69 ,0.71 ,0.72 ,0.73 ,0.72 ,0.72 ,0.73 ,0.75 ,0.56 ,,100.00 ,0.00 ,0.00 ,0.00 ,114.50 ,111.40 ,111.40 
"2024-05-26",23:20,12.02 ,11.86 ,12.14 ,11.98 ,11.88 ,12.12 ,12.08 ,11.95 ,12.23 ,12.08 ,11.95 ,12.23 ,10.31 ,10.22 ,10.41 ,12.00 ,97.97 ,0.00 ,0.00 ,316.62 ,362.53 ,-39.37 ,0.00 ,0.00 ,315.53 ,0.00 ,6667.90 ,0.00 ,-999.00 ,-999.00 ,101.55 ,0.20 ,0.20 ,2.22 ,2.73 ,161 ,0.80 ,1.22 ,174 ,0.36 ,17.73 ,17.71 ,17.77 ,16.84 ,16.81 ,16.85 ,15.87 ,15.86 ,15.89 ,-999.00 ,-999.00 ,-999.00 ,11.87 ,10.85 ,13.70 ,13.65 ,13.76 ,-999.00 ,-999.00 ,-999.00 ,-999.00 ,-999.00 ,-999.00 ,15.37 ,15.31 ,15.45 ,-0.68 ,3.37 ,0.71 ,-33.85 ,0.69 ,0.71 ,0.72 ,0.73 ,0.72 ,0.72 ,0.73 ,0.75 ,0.56 ,,100.00 ,0.00 ,0.00 ,0.00 ,114.50 ,111.40 ,111.40 
"2024-05-26",23:30,11.97 ,11.85 ,12.16 ,11.95 ,11.82 ,12.17 ,12.03 ,11.92 ,12.25 ,12.02 ,11.89 ,12.27 ,10.40 ,10.25 ,10.50 ,11.94 ,98.00 ,0.00 ,0.00 ,321.26 ,363.96 ,-36.19 ,0.00 ,0.00 ,317.04 ,0.00 ,6493.70 ,0.00 ,-999.00 ,-999.00 ,101.54 ,0.20 ,0.20 ,2.49 ,3.16 ,158 ,1.06 ,1.75 ,161 ,0.36 ,17.69 ,17.67 ,17.72 ,16.85 ,16.82 ,16.88 ,15.88 ,15.85 ,15.89 ,-999.00 ,-999.00 ,-999.00 ,11.88 ,10.85 ,13.60 ,13.56 ,13.65 ,-999.00 ,-999.00 ,-999.00 ,-999.00 ,-999.00 ,-999.00 ,15.38 ,15.34 ,15.42 ,-1.11 ,3.21 ,0.30 ,-33.95 ,0.69 ,0.71 ,0.72 ,0.73 ,0.72 ,0.72 ,0.73 ,0.75 ,0.56 ,,100.00 ,0.00 ,0.00 ,0.00 ,114.50 ,111.40 ,111.40 
"2024-05-26",23:40,12.18 ,12.11 ,12.20 ,12.16 ,12.04 ,12.22 ,12.24 ,12.14 ,12.26 ,12.23 ,12.12 ,12.28 ,10.52 ,10.40 ,10.62 ,12.12 ,98.51 ,0.00 ,0.00 ,329.19 ,365.71 ,-30.39 ,0.00 ,0.00 ,319.74 ,0.00 ,6816.40 ,0.00 ,-999.00 ,-999.00 ,101.54 ,0.20 ,0.20 ,2.34 ,2.79 ,163 ,1.11 ,2.12 ,170 ,0.36 ,17.66 ,17.62 ,17.68 ,16.84 ,16.82 ,16.86 ,15.89 ,15.88 ,15.91 ,-999.00 ,-999.00 ,-999.00 ,11.89 ,10.84 ,13.49 ,13.45 ,13.55 ,-999.00 ,-999.00 ,-999.00 ,-999.00 ,-999.00 ,-999.00 ,15.37 ,15.33 ,15.39 ,-1.52 ,3.06 ,-0.10 ,-33.97 ,0.69 ,0.71 ,0.72 ,0.73 ,0.72 ,0.72 ,0.73 ,0.75 ,0.56 ,,100.00 ,0.00 ,0.00 ,0.00 ,114.50 ,111.40 ,111.40 
"2024-05-26",23:50,11.73 ,11.51 ,12.03 ,11.71 ,11.46 ,11.97 ,11.81 ,11.61 ,12.08 ,11.77 ,11.57 ,12.04 ,10.58 ,10.39 ,10.70 ,11.76 ,97.51 ,0.00 ,0.00 ,328.57 ,364.29 ,-29.20 ,0.00 ,0.00 ,321.41 ,0.00 ,6950.80 ,0.00 ,-999.00 ,-999.00 ,101.54 ,0.20 ,0.20 ,2.35 ,2.85 ,172 ,0.89 ,1.25 ,184 ,0.36 ,17.60 ,17.59 ,17.62 ,16.85 ,16.83 ,16.86 ,15.90 ,15.88 ,15.93 ,-999.00 ,-999.00 ,-999.00 ,11.88 ,10.84 ,13.42 ,13.40 ,13.45 ,-999.00 ,-999.00 ,-999.00 ,-999.00 ,-999.00 ,-999.00 ,15.36 ,15.31 ,15.39 ,-1.93 ,2.89 ,-0.49 ,-33.81 ,0.69 ,0.71 ,0.72 ,0.73 ,0.72 ,0.72 ,0.73 ,0.75 ,0.56 ,,100.00 ,0.00 ,0.00 ,0.00 ,114.50 ,111.40 ,111.40 
"2024-05-27",00:00,11.58 ,11.46 ,11.76 ,11.57 ,11.45 ,11.73 ,11.64 ,11.56 ,11.77 ,11.63 ,11.53 ,11.75 ,10.31 ,10.20 ,10.44 ,11.58 ,98.02 ,0.00 ,0.00 ,329.21 ,364.38 ,-28.71 ,0.00 ,0.00 ,320.97 ,0.00 ,6892.70 ,0.00 ,-999.00 ,-999.00 ,101.55 ,0.20 ,0.20 ,2.73 ,3.54 ,193 ,1.06 ,1.47 ,191 ,0.36 ,17.56 ,17.54 ,17.58 ,16.83 ,16.82 ,16.85 ,15.90 ,15.89 ,15.92 ,-999.00 ,-999.00 ,-999.00 ,11.89 ,10.84 ,13.35 ,13.33 ,13.39 ,-999.00 ,-999.00 ,-999.00 ,-999.00 ,-999.00 ,-999.00 ,15.38 ,15.33 ,15.42 ,-2.33 ,2.73 ,-0.88 ,-33.53 ,0.69 ,0.71 ,0.72 ,0.73 ,0.72 ,0.72 ,0.73 ,0.75 ,0.56 ,,100.00 ,0.00 ,0.00 ,0.00 ,114.50 ,111.40 ,111.40 
"2024-05-27",00:10,12.12 ,11.81 ,12.43 ,12.11 ,11.79 ,12.41 ,12.18 ,11.83 ,12.48 ,12.19 ,11.84 ,12.50 ,10.62 ,10.31 ,11.05 ,12.06 ,98.49 ,0.00 ,0.00 ,331.97 ,367.75 ,-30.20 ,0.00 ,0.00 ,319.87 ,0.00 ,6780.80 ,0.00 ,-999.00 ,-999.00 ,101.54 ,0.20 ,0.20 ,2.94 ,3.94 ,201 ,1.37 ,2.27 ,202 ,0.36 ,17.54 ,17.50 ,17.57 ,16.83 ,16.80 ,16.86 ,15.90 ,15.89 ,15.92 ,-999.00 ,-999.00 ,-999.00 ,11.90 ,10.86 ,13.27 ,13.23 ,13.31 ,-999.00 ,-999.00 ,-999.00 ,-999.00 ,-999.00 ,-999.00 ,15.37 ,15.30 ,15.45 ,-2.71 ,2.57 ,-1.26 ,-33.29 ,0.69 ,0.71 ,0.72 ,0.73 ,0.72 ,0.72 ,0.73 ,0.75 ,0.56 ,,100.00 ,0.00 ,0.00 ,0.00 ,114.50 ,111.40 ,111.40 
"2024-05-27",00:20,12.91 ,12.52 ,13.11 ,12.91 ,12.54 ,13.08 ,12.99 ,12.60 ,13.21 ,13.00 ,12.60 ,13.21 ,11.62 ,11.15 ,11.91 ,12.87 ,98.03 ,0.00 ,0.00 ,333.92 ,374.01 ,-35.25 ,0.00 ,0.00 ,319.56 ,0.00 ,7078.50 ,0.00 ,-999.00 ,-999.00 ,101.53 ,0.20 ,0.20 ,3.26 ,4.69 ,209 ,2.05 ,3.46 ,207 ,0.36 ,17.49 ,17.47 ,17.53 ,16.83 ,16.81 ,16.85 ,15.90 ,15.88 ,15.92 ,-999.00 ,-999.00 ,-999.00 ,11.89 ,10.85 ,13.23 ,13.20 ,13.25 ,-999.00 ,-999.00 ,-999.00 ,-999.00 ,-999.00 ,-999.00 ,15.37 ,15.32 ,15.41 ,-3.08 ,2.40 ,-1.62 ,-33.00 ,0.69 ,0.71 ,0.72 ,0.73 ,0.72 ,0.72 ,0.73 ,0.75 ,0.56 ,,100.00 ,0.00 ,0.00 ,0.00 ,114.50 ,111.40 ,111.40 
"2024-05-27",00:30,13.22 ,13.04 ,13.30 ,13.19 ,13.02 ,13.29 ,13.26 ,13.19 ,13.36 ,13.25 ,13.20 ,13.36 ,11.96 ,11.88 ,12.04 ,13.26 ,96.71 ,0.00 ,0.00 ,323.57 ,376.47 ,-48.01 ,0.00 ,0.00 ,321.60 ,0.00 ,7103.50 ,0.00 ,-999.00 ,-999.00 ,101.53 ,0.20 ,0.20 ,3.50 ,5.26 ,210 ,2.39 ,4.13 ,209 ,0.36 ,17.44 ,17.40 ,17.47 ,16.82 ,16.81 ,16.84 ,15.92 ,15.89 ,15.94 ,-999.00 ,-999.00 ,-999.00 ,11.88 ,10.85 ,13.21 ,13.19 ,13.23 ,-999.00 ,-999.00 ,-999.00 ,-999.00 ,-999.00 ,-999.00 ,15.36 ,15.30 ,15.42 ,-3.43 ,2.24 ,-1.97 ,-32.32 ,0.69 ,0.71 ,0.72 ,0.73 ,0.72 ,0.72 ,0.73 ,0.75 ,0.56 ,,100.00 ,0.00 ,0.00 ,0.00 ,114.50 ,111.40 ,111.40 
"2024-05-27",00:40,13.23 ,13.20 ,13.28 ,13.25 ,13.17 ,13.30 ,13.29 ,13.23 ,13.32 ,13.28 ,13.24 ,13.33 ,12.10 ,12.02 ,12.16 ,13.38 ,95.76 ,0.00 ,0.00 ,319.01 ,377.29 ,-53.17 ,0.00 ,0.00 ,324.61 ,0.00 ,7020.70 ,0.00 ,-999.00 ,-999.00 ,101.53 ,0.20 ,0.20 ,3.75 ,5.66 ,212 ,2.57 ,4.23 ,210 ,0.36 ,17.41 ,17.38 ,17.43 ,16.84 ,16.81 ,16.87 ,15.93 ,15.92 ,15.95 ,-999.00 ,-999.00 ,-999.00 ,11.87 ,10.85 ,13.22 ,13.19 ,13.24 ,-999.00 ,-999.00 ,-999.00 ,-999.00 ,-999.00 ,-999.00 ,15.33 ,15.27 ,15.39 ,-3.77 ,2.07 ,-2.30 ,-31.33 ,0.69 ,0.71 ,0.72 ,0.73 ,0.72 ,0.72 ,0.73 ,0.75 ,0.56 ,,100.00 ,0.00 ,0.00 ,0.00 ,114.50 ,111.50 ,111.50 
"2024-05-27",00:50,13.20 ,13.13 ,13.27 ,13.28 ,13.24 ,13.35 ,13.24 ,13.19 ,13.28 ,13.24 ,13.20 ,13.28 ,11.97 ,11.92 ,11.99 ,13.38 ,95.12 ,0.00 ,0.00 ,327.42 ,377.34 ,-44.54 ,0.00 ,0.00 ,332.28 ,0.00 ,6872.10 ,0.00 ,-999.00 ,-999.00 ,101.53 ,0.20 ,0.20 ,3.40 ,4.91 ,210 ,2.40 ,3.74 ,208 ,0.36 ,17.36 ,17.33 ,17.39 ,16.83 ,16.81 ,16.85 ,15.92 ,15.90 ,15.93 ,-999.00 ,-999.00 ,-999.00 ,11.87 ,10.83 ,13.21 ,13.18 ,13.23 ,-999.00 ,-999.00 ,-999.00 ,-999.00 ,-999.00 ,-999.00 ,15.34 ,15.30 ,15.40 ,-4.08 ,1.90 ,-2.62 ,-30.23 ,0.69 ,0.71 ,0.72 ,0.73 ,0.72 ,0.72 ,0.73 ,0.75 ,0.56 ,,100.00 ,0.00 ,0.00 ,0.00 ,114.50 ,111.50 ,111.50 
"2024-05-27",01:00,13.25 ,13.18 ,13.29 ,13.33 ,13.29 ,13.35 ,13.26 ,13.21 ,13.29 ,13.26 ,13.22 ,13.29 ,12.10 ,12.04 ,12.15 ,13.41 ,94.59 ,0.00 ,0.00 ,348.01 ,378.74 ,-24.98 ,0.00 ,0.00 ,350.57 ,0.00 ,6502.10 ,0.00 ,-999.00 ,-999.00 ,101.53 ,0.20 ,0.20 ,3.18 ,4.08 ,204 ,2.07 ,3.25 ,200 ,0.36 ,17.32 ,17.31 ,17.34 ,16.81 ,16.77 ,16.83 ,15.92 ,15.91 ,15.95 ,-999.00 ,-999.00 ,-999.00 ,11.87 ,10.85 ,13.25 ,13.20 ,13.30 ,-999.00 ,-999.00 ,-999.00 ,-999.00 ,-999.00 ,-999.00 ,15.34 ,15.29 ,15.38 ,-4.39 ,1.74 ,-2.92 ,-29.17 ,0.69 ,0.71 ,0.72 ,0.73 ,0.72 ,0.72 ,0.73 ,0.75 ,0.56 ,,100.00 ,0.00 ,0.00 ,0.00 ,114.50 ,111.50 ,111.50 
"2024-05-27",01:10,13.24 ,13.21 ,13.26 ,13.34 ,13.30 ,13.38 ,13.27 ,13.25 ,13.30 ,13.27 ,13.22 ,13.31 ,12.14 ,12.10 ,12.18 ,13.41 ,94.21 ,0.00 ,0.00 ,351.53 ,379.25 ,-21.82 ,0.00 ,0.00 ,353.52 ,0.00 ,6328.20 ,0.03 ,-999.00 ,-999.00 ,101.54 ,0.20 ,0.20 ,3.08 ,4.22 ,198 ,1.94 ,3.17 ,194 ,0.36 ,17.26 ,17.23 ,17.31 ,16.80 ,16.80 ,16.81 ,15.94 ,15.91 ,15.96 ,-999.00 ,-999.00 ,-999.00 ,11.88 ,10.84 ,13.34 ,13.30 ,13.37 ,-999.00 ,-999.00 ,-999.00 ,-999.00 ,-999.00 ,-999.00 ,15.33 ,15.28 ,15.37 ,-4.66 ,1.58 ,-3.20 ,-27.70 ,0.69 ,0.71 ,0.72 ,0.73 ,0.72 ,0.72 ,0.73 ,0.75 ,0.56 ,,100.00 ,0.00 ,0.03 ,0.03 ,114.50 ,111.50 ,111.50 
"2024-05-27",01:20,13.28 ,13.24 ,13.31 ,13.34 ,13.27 ,13.37 ,13.29 ,13.26 ,13.32 ,13.30 ,13.28 ,13.33 ,12.09 ,12.05 ,12.14 ,13.46 ,93.65 ,0.00 ,0.00 ,351.43 ,379.10 ,-21.69 ,0.00 ,0.00 ,353.76 ,0.00 ,6220.20 ,0.00 ,-999.00 ,-999.00 ,101.54 ,0.20 ,0.20 ,2.81 ,4.00 ,195 ,1.76 ,3.28 ,189 ,0.36 ,17.24 ,17.21 ,17.27 ,16.81 ,16.78 ,16.83 ,15.93 ,15.92 ,15.95 ,-999.00 ,-999.00 ,-999.00 ,11.87 ,10.84 ,13.40 ,13.36 ,13.42 ,-999.00 ,-999.00 ,-999.00 ,-999.00 ,-999.00 ,-999.00 ,15.35 ,15.28 ,15.41 ,-4.92 ,1.42 ,-3.46 ,-26.05 ,0.69 ,0.71 ,0.72 ,0.73 ,0.72 ,0.72 ,0.73 ,0.75 ,0.56 ,,100.00 ,0.00 ,0.00 ,0.00 ,114.50 ,111.50 ,111.50 
"2024-05-27",01:30,13.25 ,13.23 ,13.28 ,13.31 ,13.26 ,13.37 ,13.25 ,13.23 ,13.26 ,13.27 ,13.25 ,13.29 ,12.01 ,11.97 ,12.06 ,13.40 ,93.54 ,0.00 ,0.00 ,352.29 ,378.42 ,-19.90 ,0.00 ,0.00 ,354.88 ,0.00 ,5763.30 ,0.00 ,-999.00 ,-999.00 ,101.55 ,0.20 ,0.20 ,2.69 ,3.90 ,197 ,1.45 ,2.45 ,194 ,0.36 ,17.17 ,17.15 ,17.20 ,16.78 ,16.77 ,16.81 ,15.93 ,15.92 ,15.94 ,-999.00 ,-999.00 ,-999.00 ,11.87 ,10.84 ,13.43 ,13.40 ,13.45 ,-999.00 ,-999.00 ,-999.00 ,-999.00 ,-999.00 ,-999.00 ,15.33 ,15.30 ,15.35 ,-5.15 ,1.27 ,-3.70 ,-24.68 ,0.69 ,0.71 ,0.72 ,0.73 ,0.72 ,0.72 ,0.73 ,0.75 ,0.56 ,,100.00 ,0.00 ,0.00 ,0.00 ,114.50 ,111.50 ,111.50 
"2024-05-27",01:40,13.23 ,13.18 ,13.27 ,13.28 ,13.25 ,13.31 ,13.25 ,13.22 ,13.26 ,13.27 ,13.25 ,13.29 ,11.95 ,11.92 ,11.99 ,13.36 ,93.02 ,0.00 ,0.00 ,352.75 ,377.91 ,-18.87 ,0.00 ,0.00 ,354.97 ,0.00 ,5625.40 ,0.00 ,-999.00 ,-999.00 ,101.55 ,0.20 ,0.20 ,2.73 ,3.80 ,198 ,1.59 ,2.66 ,194 ,0.36 ,17.13 ,17.11 ,17.17 ,16.78 ,16.76 ,16.79 ,15.94 ,15.92 ,15.95 ,-999.00 ,-999.00 ,-999.00 ,11.87 ,10.85 ,13.46 ,13.44 ,13.49 ,-999.00 ,-999.00 ,-999.00 ,-999.00 ,-999.00 ,-999.00 ,15.35 ,15.29 ,15.40 ,-5.35 ,1.13 ,-3.92 ,-23.61 ,0.69 ,0.71 ,0.72 ,0.73 ,0.72 ,0.72 ,0.73 ,0.75 ,0.56 ,,100.00 ,0.00 ,0.00 ,0.00 ,114.50 ,111.50 ,111.50 
"2024-05-27",01:50,13.22 ,13.18 ,13.26 ,13.27 ,13.24 ,13.31 ,13.25 ,13.24 ,13.26 ,13.26 ,13.25 ,13.29 ,11.92 ,11.89 ,11.95 ,13.30 ,92.83 ,0.00 ,0.00 ,351.77 ,378.14 ,-20.11 ,0.00 ,0.00 ,354.40 ,0.00 ,5713.80 ,0.00 ,-999.00 ,-999.00 ,101.56 ,0.20 ,0.20 ,2.65 ,3.66 ,198 ,1.58 ,2.96 ,192 ,0.36 ,17.11 ,17.08 ,17.14 ,16.78 ,16.76 ,16.79 ,15.95 ,15.93 ,15.96 ,-999.00 ,-999.00 ,-999.00 ,11.88 ,10.86 ,13.48 ,13.46 ,13.50 ,-999.00 ,-999.00 ,-999.00 ,-999.00 ,-999.00 ,-999.00 ,15.35 ,15.31 ,15.42 ,-5.53 ,0.99 ,-4.11 ,-22.79 ,0.69 ,0.70 ,0.72 ,0.73 ,0.72 ,0.72 ,0.73 ,0.75 ,0.56 ,,100.00 ,0.00 ,0.00 ,0.00 ,114.50 ,111.50 ,111.50 
"2024-05-27",02:00,13.21 ,13.17 ,13.26 ,13.22 ,13.19 ,13.24 ,13.25 ,13.22 ,13.29 ,13.27 ,13.24 ,13.30 ,11.88 ,11.84 ,11.92 ,13.24 ,93.54 ,0.00 ,0.00 ,353.83 ,377.60 ,-17.24 ,0.00 ,0.00 ,356.15 ,0.00 ,5451.10 ,0.00 ,-999.00 ,-999.00 ,101.57 ,0.20 ,0.20 ,2.41 ,3.14 ,177 ,1.36 ,2.14 ,169 ,0.36 ,17.08 ,17.05 ,17.11 ,16.77 ,16.75 ,16.81 ,15.95 ,15.93 ,15.97 ,-999.00 ,-999.00 ,-999.00 ,11.88 ,10.87 ,13.50 ,13.49 ,13.51 ,-999.00 ,-999.00 ,-999.00 ,-999.00 ,-999.00 ,-999.00 ,15.34 ,15.28 ,15.39 ,-5.67 ,0.86 ,-4.27 ,-22.17 ,0.69 ,0.71 ,0.72 ,0.73 ,0.72 ,0.72 ,0.73 ,0.75 ,0.56 ,,100.00 ,0.00 ,0.00 ,0.00 ,114.50 ,111.50 ,111.50 
"2024-05-27",02:10,13.21 ,13.13 ,13.26 ,13.17 ,13.10 ,13.22 ,13.25 ,13.21 ,13.29 ,13.26 ,13.20 ,13.29 ,11.92 ,11.90 ,11.94 ,13.20 ,94.11 ,0.00 ,0.00 ,356.59 ,377.64 ,-14.29 ,0.00 ,0.00 ,358.87 ,0.00 ,5352.20 ,0.00 ,-999.00 ,-999.00 ,101.57 ,0.20 ,0.20 ,2.21 ,3.06 ,177 ,1.20 ,1.98 ,171 ,0.36 ,17.04 ,17.03 ,17.06 ,16.77 ,16.75 ,16.80 ,15.95 ,15.94 ,15.96 ,-999.00 ,-999.00 ,-999.00 ,11.89 ,10.87 ,13.51 ,13.49 ,13.53 ,-999.00 ,-999.00 ,-999.00 ,-999.00 ,-999.00 ,-999.00 ,15.35 ,15.30 ,15.40 ,-5.79 ,0.73 ,-4.41 ,-21.66 ,0.69 ,0.70 ,0.72 ,0.73 ,0.72 ,0.72 ,0.73 ,0.75 ,0.56 ,,100.00 ,0.00 ,0.00 ,0.00 ,114.50 ,111.50 ,111.50 
"2024-05-27",02:20,13.10 ,13.04 ,13.16 ,13.10 ,13.07 ,13.15 ,13.15 ,13.13 ,13.20 ,13.17 ,13.15 ,13.18 ,11.91 ,11.88 ,11.94 ,13.20 ,92.88 ,0.00 ,0.00 ,357.58 ,378.00 ,-13.80 ,0.00 ,0.00 ,359.60 ,0.00 ,5471.30 ,0.00 ,-999.00 ,-999.00 ,101.56 ,0.20 ,0.20 ,2.46 ,3.23 ,203 ,1.41 ,2.44 ,199 ,0.36 ,17.01 ,16.99 ,17.04 ,16.77 ,16.74 ,16.78 ,15.95 ,15.92 ,15.99 ,-999.00 ,-999.00 ,-999.00 ,11.88 ,10.87 ,13.52 ,13.50 ,13.55 ,-999.00 ,-999.00 ,-999.00 ,-999.00 ,-999.00 ,-999.00 ,15.36 ,15.31 ,15.40 ,-5.88 ,0.62 ,-4.53 ,-21.09 ,0.69 ,0.70 ,0.72 ,0.73 ,0.72 ,0.72 ,0.73 ,0.75 ,0.56 ,,100.00 ,0.00 ,0.00 ,0.00 ,114.50 ,111.50 ,111.50 
"2024-05-27",02:30,13.07 ,13.05 ,13.10 ,13.11 ,13.06 ,13.14 ,13.13 ,13.13 ,13.14 ,13.14 ,13.12 ,13.17 ,11.85 ,11.83 ,11.87 ,13.19 ,91.55 ,0.00 ,0.00 ,359.22 ,378.09 ,-12.44 ,0.00 ,0.00 ,361.05 ,0.00 ,5518.30 ,0.00 ,-999.00 ,-999.00 ,101.55 ,0.20 ,0.20 ,2.47 ,3.81 ,213 ,1.50 ,2.28 ,209 ,0.36 ,16.97 ,16.94 ,16.99 ,16.75 ,16.72 ,16.77 ,15.95 ,15.94 ,15.98 ,-999.00 ,-999.00 ,-999.00 ,11.90 ,10.88 ,13.54 ,13.53 ,13.55 ,-999.00 ,-999.00 ,-999.00 ,-999.00 ,-999.00 ,-999.00 ,15.35 ,15.29 ,15.41 ,-5.96 ,0.51 ,-4.64 ,-20.54 ,0.69 ,0.70 ,0.72 ,0.73 ,0.72 ,0.72 ,0.73 ,0.75 ,0.56 ,,100.00 ,0.00 ,0.00 ,0.00 ,114.50 ,111.50 ,111.50 
"2024-05-27",02:40,13.16 ,13.10 ,13.24 ,13.17 ,13.12 ,13.23 ,13.20 ,13.15 ,13.27 ,13.21 ,13.17 ,13.28 ,11.80 ,11.75 ,11.84 ,13.20 ,90.09 ,0.00 ,0.00 ,360.91 ,377.84 ,-10.36 ,0.00 ,0.00 ,362.30 ,0.00 ,5382.10 ,0.00 ,-999.00 ,-999.00 ,101.56 ,0.20 ,0.20 ,2.40 ,3.23 ,224 ,1.53 ,2.40 ,224 ,0.36 ,16.93 ,16.92 ,16.94 ,16.74 ,16.71 ,16.77 ,15.96 ,15.94 ,15.98 ,-999.00 ,-999.00 ,-999.00 ,11.90 ,10.87 ,13.55 ,13.55 ,13.57 ,-999.00 ,-999.00 ,-999.00 ,-999.00 ,-999.00 ,-999.00 ,15.35 ,15.31 ,15.40 ,-6.02 ,0.41 ,-4.72 ,-20.06 ,0.69 ,0.70 ,0.72 ,0.73 ,0.72 ,0.72 ,0.73 ,0.75 ,0.56 ,,100.00 ,0.00 ,0.00 ,0.00 ,114.50 ,111.50 ,111.50 
"2024-05-27",02:50,13.33 ,13.21 ,13.41 ,13.33 ,13.23 ,13.40 ,13.33 ,13.25 ,13.39 ,13.33 ,13.26 ,13.39 ,11.71 ,11.64 ,11.76 ,13.31 ,87.85 ,0.00 ,0.00 ,362.15 ,377.85 ,-8.98 ,0.25 ,0.00 ,362.79 ,0.00 ,5080.60 ,0.00 ,-999.00 ,-999.00 ,101.57 ,0.20 ,0.20 ,3.22 ,4.61 ,226 ,2.21 ,4.55 ,223 ,0.36 ,16.91 ,16.89 ,16.94 ,16.73 ,16.71 ,16.75 ,15.96 ,15.94 ,15.99 ,-999.00 ,-999.00 ,-999.00 ,11.89 ,10.86 ,13.55 ,13.53 ,13.58 ,-999.00 ,-999.00 ,-999.00 ,-999.00 ,-999.00 ,-999.00 ,15.38 ,15.34 ,15.42 ,-6.06 ,0.32 ,-4.80 ,-19.66 ,0.69 ,0.70 ,0.72 ,0.73 ,0.72 ,0.72 ,0.73 ,0.75 ,0.56 ,,100.00 ,0.00 ,0.00 ,0.00 ,114.50 ,111.50 ,111.50 
"2024-05-27",03:00,13.27 ,13.17 ,13.38 ,13.26 ,13.18 ,13.39 ,13.34 ,13.27 ,13.41 ,13.35 ,13.27 ,13.42 ,11.60 ,11.56 ,11.64 ,13.29 ,86.53 ,0.00 ,0.00 ,362.45 ,377.72 ,-8.71 ,0.50 ,0.00 ,362.86 ,0.00 ,5293.30 ,0.00 ,-999.00 ,-999.00 ,101.58 ,0.20 ,0.20 ,2.80 ,3.78 ,213 ,1.93 ,3.25 ,211 ,0.36 ,16.87 ,16.83 ,16.90 ,16.73 ,16.71 ,16.74 ,15.98 ,15.97 ,15.99 ,-999.00 ,-999.00 ,-999.00 ,11.90 ,10.86 ,13.55 ,13.54 ,13.56 ,-999.00 ,-999.00 ,-999.00 ,-999.00 ,-999.00 ,-999.00 ,15.36 ,15.26 ,15.43 ,-6.09 ,0.23 ,-4.86 ,-19.39 ,0.69 ,0.70 ,0.72 ,0.73 ,0.72 ,0.72 ,0.73 ,0.75 ,0.56 ,,100.00 ,0.00 ,0.00 ,0.00 ,114.50 ,111.50 ,111.50 
"2024-05-27",03:10,13.09 ,13.04 ,13.19 ,13.07 ,13.02 ,13.15 ,13.16 ,13.09 ,13.25 ,13.15 ,13.10 ,13.24 ,11.54 ,11.51 ,11.57 ,13.11 ,87.56 ,0.00 ,0.00 ,364.37 ,376.92 ,-6.51 ,0.04 ,0.00 ,363.74 ,0.00 ,5250.10 ,0.00 ,-999.00 ,-999.00 ,101.59 ,0.20 ,0.20 ,2.87 ,3.85 ,210 ,1.81 ,2.70 ,205 ,0.36 ,16.84 ,16.83 ,16.86 ,16.71 ,16.68 ,16.75 ,15.98 ,15.96 ,16.00 ,-999.00 ,-999.00 ,-999.00 ,11.90 ,10.87 ,13.54 ,13.52 ,13.56 ,-999.00 ,-999.00 ,-999.00 ,-999.00 ,-999.00 ,-999.00 ,15.36 ,15.29 ,15.45 ,-6.12 ,0.15 ,-4.92 ,-19.25 ,0.69 ,0.70 ,0.72 ,0.73 ,0.72 ,0.72 ,0.73 ,0.75 ,0.56 ,,100.00 ,0.00 ,0.00 ,0.00 ,114.50 ,111.50 ,111.50 
"2024-05-27",03:20,13.02 ,12.93 ,13.10 ,13.00 ,12.92 ,13.08 ,13.08 ,13.04 ,13.09 ,13.07 ,13.02 ,13.11 ,11.48 ,11.42 ,11.53 ,13.04 ,87.16 ,0.00 ,0.00 ,365.09 ,376.59 ,-6.20 ,0.11 ,0.00 ,378.09 ,0.00 ,5209.80 ,0.10 ,-999.00 ,-999.00 ,101.59 ,0.20 ,0.20 ,2.55 ,3.31 ,210 ,1.65 ,2.53 ,205 ,0.36 ,16.81 ,16.78 ,16.85 ,16.69 ,16.68 ,16.71 ,15.97 ,15.95 ,15.99 ,-999.00 ,-999.00 ,-999.00 ,11.90 ,10.87 ,13.51 ,13.49 ,13.54 ,-999.00 ,-999.00 ,-999.00 ,-999.00 ,-999.00 ,-999.00 ,15.36 ,15.32 ,15.40 ,-6.13 ,0.08 ,-4.96 ,-19.11 ,0.69 ,0.70 ,0.72 ,0.73 ,0.72 ,0.72 ,0.73 ,0.75 ,0.56 ,,100.00 ,0.00 ,0.10 ,0.10 ,114.60 ,111.60 ,111.60 
"2024-05-27",03:30,12.88 ,12.80 ,12.97 ,12.87 ,12.76 ,12.95 ,12.96 ,12.91 ,13.00 ,12.95 ,12.87 ,13.01 ,11.38 ,11.34 ,11.43 ,12.94 ,87.21 ,0.00 ,0.00 ,363.62 ,376.04 ,-7.19 ,0.76 ,0.00 ,377.91 ,0.00 ,5374.80 ,0.02 ,-999.00 ,-999.00 ,101.59 ,0.20 ,0.20 ,2.55 ,3.32 ,205 ,1.51 ,2.43 ,198 ,0.36 ,16.79 ,16.78 ,16.81 ,16.69 ,16.68 ,16.73 ,15.97 ,15.94 ,15.99 ,-999.00 ,-999.00 ,-999.00 ,11.89 ,10.87 ,13.49 ,13.47 ,13.52 ,-999.00 ,-999.00 ,-999.00 ,-999.00 ,-999.00 ,-999.00 ,15.35 ,15.29 ,15.43 ,-6.14 ,0.01 ,-5.00 ,-19.04 ,0.69 ,0.70 ,0.72 ,0.73 ,0.72 ,0.72 ,0.73 ,0.75 ,0.56 ,,100.00 ,0.00 ,0.02 ,0.02 ,114.70 ,111.60 ,111.60 
"2024-05-27",03:40,12.71 ,12.64 ,12.80 ,12.69 ,12.60 ,12.76 ,12.80 ,12.74 ,12.87 ,12.78 ,12.71 ,12.86 ,11.34 ,11.33 ,11.37 ,12.75 ,88.68 ,0.04 ,0.00 ,363.39 ,375.47 ,-5.73 ,1.48 ,0.00 ,375.95 ,0.00 ,5292.80 ,0.00 ,-999.00 ,-999.00 ,101.60 ,0.20 ,0.20 ,2.35 ,3.25 ,202 ,1.28 ,1.92 ,194 ,0.36 ,16.76 ,16.75 ,16.78 ,16.69 ,16.67 ,16.70 ,15.97 ,15.96 ,16.00 ,-999.00 ,-999.00 ,-999.00 ,11.89 ,10.86 ,13.46 ,13.45 ,13.47 ,-999.00 ,-999.00 ,-999.00 ,-999.00 ,-999.00 ,-999.00 ,15.35 ,15.31 ,15.40 ,-6.14 ,-0.05 ,-5.04 ,-19.01 ,0.69 ,0.70 ,0.72 ,0.73 ,0.72 ,0.72 ,0.73 ,0.75 ,0.56 ,,100.00 ,0.00 ,0.00 ,0.00 ,114.70 ,111.60 ,111.60 
"2024-05-27",03:50,12.66 ,12.60 ,12.72 ,12.67 ,12.60 ,12.71 ,12.76 ,12.71 ,12.78 ,12.75 ,12.71 ,12.79 ,11.30 ,11.26 ,11.35 ,12.76 ,88.03 ,1.56 ,0.00 ,360.45 ,375.34 ,-6.88 ,3.19 ,0.00 ,358.95 ,0.00 ,5520.10 ,0.00 ,-999.00 ,-999.00 ,101.60 ,0.20 ,0.20 ,2.60 ,3.31 ,207 ,1.60 ,2.54 ,204 ,0.36 ,16.74 ,16.71 ,16.76 ,16.67 ,16.65 ,16.68 ,15.97 ,15.96 ,15.99 ,-999.00 ,-999.00 ,-999.00 ,11.88 ,10.85 ,13.43 ,13.41 ,13.46 ,-999.00 ,-999.00 ,-999.00 ,-999.00 ,-999.00 ,-999.00 ,15.36 ,15.33 ,15.40 ,-6.14 ,-0.11 ,-5.07 ,-18.93 ,0.69 ,0.70 ,0.72 ,0.73 ,0.72 ,0.72 ,0.73 ,0.75 ,0.56 ,,100.00 ,0.00 ,0.00 ,0.00 ,114.70 ,111.60 ,111.60 
"2024-05-27",04:00,12.64 ,12.59 ,12.67 ,12.63 ,12.56 ,12.67 ,12.72 ,12.69 ,12.77 ,12.71 ,12.66 ,12.77 ,11.20 ,11.16 ,11.23 ,12.71 ,87.97 ,4.47 ,0.00 ,355.51 ,374.73 ,-8.55 ,5.74 ,0.00 ,350.09 ,0.00 ,5602.90 ,0.00 ,-999.00 ,-999.00 ,101.61 ,0.20 ,0.20 ,2.40 ,4.15 ,205 ,1.39 ,2.18 ,200 ,0.36 ,16.70 ,16.67 ,16.72 ,16.65 ,16.62 ,16.67 ,15.97 ,15.96 ,15.98 ,-999.00 ,-999.00 ,-999.00 ,11.89 ,10.85 ,13.39 ,13.36 ,13.43 ,-999.00 ,-999.00 ,-999.00 ,-999.00 ,-999.00 ,-999.00 ,15.36 ,15.33 ,15.44 ,-6.14 ,-0.16 ,-5.10 ,-18.93 ,0.69 ,0.70 ,0.72 ,0.73 ,0.72 ,0.72 ,0.73 ,0.75 ,0.56 ,,100.00 ,0.00 ,0.00 ,0.00 ,114.70 ,111.60 ,111.60 
"2024-05-27",04:10,12.65 ,12.60 ,12.71 ,12.66 ,12.58 ,12.74 ,12.76 ,12.69 ,12.78 ,12.73 ,12.66 ,12.76 ,11.14 ,11.09 ,11.17 ,12.72 ,86.98 ,7.51 ,0.00 ,350.99 ,374.15 ,-9.74 ,8.66 ,0.00 ,350.15 ,0.00 ,4381.60 ,0.00 ,-999.00 ,-999.00 ,101.61 ,0.20 ,0.20 ,2.72 ,4.02 ,206 ,1.52 ,2.89 ,203 ,0.36 ,16.67 ,16.65 ,16.70 ,16.64 ,16.61 ,16.67 ,15.97 ,15.95 ,16.00 ,-999.00 ,-999.00 ,-999.00 ,11.89 ,10.85 ,13.34 ,13.32 ,13.36 ,-999.00 ,-999.00 ,-999.00 ,-999.00 ,-999.00 ,-999.00 ,15.36 ,15.32 ,15.41 ,-6.14 ,-0.21 ,-5.14 ,-19.08 ,0.69 ,0.70 ,0.72 ,0.73 ,0.72 ,0.72 ,0.73 ,0.75 ,0.56 ,,100.00 ,0.00 ,0.00 ,0.00 ,114.70 ,111.60 ,111.60 
"2024-05-27",04:20,12.56 ,12.49 ,12.62 ,12.56 ,12.50 ,12.63 ,12.67 ,12.61 ,12.73 ,12.64 ,12.58 ,12.73 ,10.98 ,10.90 ,11.08 ,12.63 ,87.57 ,12.12 ,0.00 ,340.25 ,372.90 ,-15.07 ,12.73 ,0.00 ,339.61 ,0.00 ,5099.20 ,0.00 ,-999.00 ,-999.00 ,101.61 ,0.20 ,0.20 ,2.84 ,3.67 ,201 ,1.60 ,2.42 ,199 ,0.36 ,16.66 ,16.63 ,16.69 ,16.64 ,16.62 ,16.66 ,15.96 ,15.94 ,15.98 ,-999.00 ,-999.00 ,-999.00 ,11.89 ,10.84 ,13.28 ,13.24 ,13.33 ,-999.00 ,-999.00 ,-999.00 ,-999.00 ,-999.00 ,-999.00 ,15.37 ,15.29 ,15.46 ,-6.14 ,-0.26 ,-5.17 ,-19.34 ,0.69 ,0.70 ,0.72 ,0.73 ,0.72 ,0.72 ,0.73 ,0.75 ,0.56 ,,100.00 ,0.00 ,0.00 ,0.00 ,114.70 ,111.60 ,111.60 
"2024-05-27",04:30,12.49 ,12.35 ,12.57 ,12.49 ,12.34 ,12.60 ,12.59 ,12.50 ,12.66 ,12.57 ,12.45 ,12.67 ,10.92 ,10.88 ,10.94 ,12.52 ,88.02 ,26.52 ,0.00 ,332.33 ,372.42 ,-11.65 ,25.64 ,0.00 ,343.59 ,0.00 ,5511.70 ,0.00 ,-999.00 ,-999.00 ,101.62 ,0.20 ,0.20 ,2.88 ,4.27 ,198 ,1.60 ,3.72 ,196 ,0.36 ,16.65 ,16.63 ,16.67 ,16.62 ,16.60 ,16.65 ,15.98 ,15.95 ,15.99 ,-999.00 ,-999.00 ,-999.00 ,11.89 ,10.86 ,13.21 ,13.17 ,13.24 ,-999.00 ,-999.00 ,-999.00 ,-999.00 ,-999.00 ,-999.00 ,15.35 ,15.27 ,15.42 ,-6.14 ,-0.30 ,-5.20 ,-19.88 ,0.69 ,0.70 ,0.72 ,0.73 ,0.72 ,0.72 ,0.73 ,0.75 ,0.56 ,,100.00 ,0.00 ,0.00 ,0.00 ,114.70 ,111.60 ,111.60 
"2024-05-27",04:40,12.30 ,12.22 ,12.36 ,12.30 ,12.21 ,12.33 ,12.39 ,12.28 ,12.48 ,12.37 ,12.28 ,12.45 ,10.77 ,10.67 ,10.90 ,12.35 ,89.11 ,31.03 ,0.00 ,318.75 ,370.91 ,-20.42 ,31.84 ,0.00 ,324.67 ,0.00 ,6155.10 ,0.00 ,-999.00 ,-999.00 ,101.63 ,0.20 ,0.20 ,2.71 ,3.74 ,195 ,1.44 ,2.30 ,193 ,0.36 ,16.63 ,16.62 ,16.65 ,16.62 ,16.60 ,16.64 ,15.98 ,15.96 ,16.00 ,-999.00 ,-999.00 ,-999.00 ,11.89 ,10.85 ,13.14 ,13.08 ,13.19 ,-999.00 ,-999.00 ,-999.00 ,-999.00 ,-999.00 ,-999.00 ,15.37 ,15.32 ,15.43 ,-6.14 ,-0.35 ,-5.23 ,-20.42 ,0.69 ,0.70 ,0.72 ,0.73 ,0.72 ,0.72 ,0.73 ,0.75 ,0.56 ,,100.00 ,0.00 ,0.00 ,0.00 ,114.70 ,111.60 ,111.60 
"2024-05-27",04:50,12.18 ,12.11 ,12.25 ,12.17 ,12.05 ,12.27 ,12.24 ,12.15 ,12.31 ,12.23 ,12.14 ,12.29 ,10.53 ,10.44 ,10.65 ,12.23 ,88.78 ,30.48 ,0.00 ,316.62 ,368.61 ,-19.78 ,30.07 ,0.00 ,310.17 ,0.00 ,6297.90 ,0.00 ,-999.00 ,-999.00 ,101.63 ,0.20 ,0.20 ,2.61 ,3.50 ,200 ,1.37 ,2.10 ,195 ,0.36 ,16.60 ,16.58 ,16.61 ,16.61 ,16.58 ,16.62 ,15.99 ,15.98 ,16.00 ,-999.00 ,-999.00 ,-999.00 ,11.89 ,10.84 ,13.04 ,12.99 ,13.10 ,-999.00 ,-999.00 ,-999.00 ,-999.00 ,-999.00 ,-999.00 ,15.36 ,15.30 ,15.42 ,-6.14 ,-0.39 ,-5.27 ,-21.02 ,0.69 ,0.70 ,0.72 ,0.73 ,0.72 ,0.72 ,0.73 ,0.75 ,0.56 ,,100.00 ,0.00 ,0.00 ,0.00 ,114.70 ,111.60 ,111.60 
"2024-05-27",05:00,12.09 ,12.05 ,12.14 ,12.08 ,12.03 ,12.13 ,12.17 ,12.14 ,12.19 ,12.15 ,12.14 ,12.15 ,10.43 ,10.40 ,10.45 ,12.10 ,89.00 ,38.03 ,0.34 ,312.99 ,368.58 ,-17.45 ,35.80 ,2.21 ,319.81 ,0.00 ,6608.20 ,0.00 ,-999.00 ,-999.00 ,101.64 ,0.20 ,0.20 ,2.27 ,3.25 ,215 ,1.26 ,1.88 ,208 ,0.36 ,16.57 ,16.54 ,16.58 ,16.60 ,16.57 ,16.62 ,15.98 ,15.96 ,16.01 ,-999.00 ,-999.00 ,-999.00 ,11.89 ,10.85 ,12.94 ,12.89 ,12.98 ,-999.00 ,-999.00 ,-999.00 ,-999.00 ,-999.00 ,-999.00 ,15.35 ,15.31 ,15.40 ,-6.15 ,-0.43 ,-5.31 ,-21.97 ,0.69 ,0.70 ,0.72 ,0.73 ,0.72 ,0.72 ,0.73 ,0.75 ,0.56 ,,100.00 ,0.00 ,0.00 ,0.00 ,114.70 ,111.60 ,111.60 
"2024-05-27",05:10,12.16 ,11.98 ,12.46 ,12.16 ,11.98 ,12.48 ,12.30 ,12.09 ,12.58 ,12.28 ,12.07 ,12.58 ,11.15 ,10.40 ,12.01 ,12.18 ,89.96 ,142.42 ,43.78 ,311.87 ,372.07 ,38.44 ,47.68 ,347.79 ,314.71 ,8.17 ,5740.50 ,0.00 ,-999.00 ,-999.00 ,101.65 ,0.20 ,0.20 ,2.06 ,2.83 ,210 ,1.11 ,1.93 ,200 ,0.36 ,16.55 ,16.53 ,16.56 ,16.58 ,16.56 ,16.62 ,15.97 ,15.95 ,15.99 ,-999.00 ,-999.00 ,-999.00 ,11.89 ,10.85 ,12.93 ,12.86 ,13.04 ,-999.00 ,-999.00 ,-999.00 ,-999.00 ,-999.00 ,-999.00 ,15.35 ,15.29 ,15.41 ,-6.17 ,-0.47 ,-5.35 ,-22.68 ,0.69 ,0.70 ,0.72 ,0.73 ,0.72 ,0.72 ,0.73 ,0.75 ,0.56 ,,100.00 ,0.00 ,0.00 ,0.00 ,114.70 ,111.60 ,111.60 
"2024-05-27",05:20,12.79 ,12.53 ,13.14 ,12.82 ,12.54 ,13.13 ,12.92 ,12.63 ,13.21 ,12.90 ,12.61 ,13.19 ,12.57 ,12.09 ,13.00 ,12.83 ,89.10 ,188.56 ,61.12 ,314.10 ,377.67 ,63.88 ,54.26 ,446.06 ,312.79 ,10.00 ,5500.60 ,0.00 ,-999.00 ,-999.00 ,101.65 ,0.20 ,0.20 ,1.81 ,2.91 ,213 ,1.31 ,1.89 ,209 ,0.36 ,16.52 ,16.51 ,16.54 ,16.57 ,16.55 ,16.59 ,15.97 ,15.96 ,16.00 ,-999.00 ,-999.00 ,-999.00 ,11.90 ,10.85 ,13.24 ,13.07 ,13.44 ,-999.00 ,-999.00 ,-999.00 ,-999.00 ,-999.00 ,-999.00 ,15.37 ,15.33 ,15.41 ,-6.20 ,-0.50 ,-5.40 ,-20.92 ,0.69 ,0.70 ,0.72 ,0.73 ,0.72 ,0.72 ,0.73 ,0.75 ,0.56 ,,100.00 ,0.00 ,0.00 ,0.00 ,114.70 ,111.60 ,111.60 
"2024-05-27",05:30,13.33 ,13.14 ,13.54 ,13.34 ,13.10 ,13.54 ,13.43 ,13.24 ,13.70 ,13.40 ,13.21 ,13.69 ,13.15 ,13.05 ,13.37 ,13.39 ,85.19 ,217.42 ,69.09 ,317.97 ,381.27 ,85.04 ,63.76 ,477.53 ,316.51 ,10.00 ,6073.20 ,0.00 ,-999.00 ,-999.00 ,101.65 ,0.20 ,0.20 ,2.73 ,4.31 ,222 ,2.07 ,3.81 ,223 ,0.36 ,16.50 ,16.46 ,16.53 ,16.56 ,16.52 ,16.60 ,15.99 ,15.95 ,16.03 ,-999.00 ,-999.00 ,-999.00 ,11.89 ,10.85 ,13.65 ,13.50 ,13.83 ,-999.00 ,-999.00 ,-999.00 ,-999.00 ,-999.00 ,-999.00 ,15.37 ,15.33 ,15.39 ,-6.24 ,-0.54 ,-5.45 ,-16.33 ,0.69 ,0.70 ,0.72 ,0.73 ,0.72 ,0.72 ,0.73 ,0.75 ,0.56 ,,100.00 ,0.00 ,0.00 ,0.00 ,114.70 ,111.60 ,111.60 
